"Acupoint","Label","Vasculature","Identified Vasculature Location","Vasculature URI","Vasculature Relation","Expert Comments","Curator Comment","","",""
"LU 1","LU 1","Superolaterally, the axillary artery and vein, the thoracoacromial artery and vein. (Chinese acupuncture and moxibustion, 1999)","AXILLARY ARTERY","http://purl.obolibrary.org/obo/UBERON_0001394","TARA:hasRelatedArtery","","","","",""
"LU 1","","","AXILLARY VEIN","http://purl.obolibrary.org/obo/UBERON_0000985","TARA:hasRelatedVein","","","","",""
"LU 1","","","THORACOACROMIAL ARTERY","http://purl.obolibrary.org/obo/UBERON_0001395","TARA:hasRelatedArtery","","","","",""
"LU 1","","","THORACOACROMIAL VEIN","http://purl.obolibrary.org/obo/UBERON_8600074","TARA:hasRelatedVein","","","","",""
"LU 2","LU 2","The cephalic vein, the thoracoacromial artery and vein; inferiorly, the axillary artery. (Chinese acupuncture and moxibustion, 1999)","CEPHALIC VEIN","http://purl.obolibrary.org/obo/UBERON_0001106","TARA:hasRelatedVein","","","","",""
"LU 2","","","THORACOACROMIAL ARTERY","http://purl.obolibrary.org/obo/UBERON_0001395","TARA:hasRelatedArtery","","","","",""
"LU 2","","","THORACOACROMIAL VEIN","http://purl.obolibrary.org/obo/UBERON_8600074","TARA:hasRelatedVein","","","","",""
"LU 2","","","AXILLARY ARTERY","http://purl.obolibrary.org/obo/UBERON_0001394","TARA:hasRelatedArtery","","","","",""
"LU 3","LU 3","The cephalic vein and muscular branches of the brachial artery and vein. (Chinese acupuncture and moxibustion, 1999)","CEPHALIC VEIN","http://purl.obolibrary.org/obo/UBERON_0001106","TARA:hasRelatedVein","","","","",""
"LU 3","","","BRACHIAL ARTERY","http://purl.obolibrary.org/obo/UBERON_0001398","TARA:hasRelatedArtery","","","","",""
"LU 3","","","BRACHIAL VEIN","http://purl.obolibrary.org/obo/UBERON_0001413","TARA:hasRelatedVein","","","","",""
"LU 4","LU 4","The cephalic vein, cular branches of the brachial artery and vein. (Chinese acupuncture and moxibustion, 1999)","CEPHALIC VEIN","http://purl.obolibrary.org/obo/UBERON_0001106","TARA:hasRelatedVein","","","","",""
"LU 4","","","BRACHIAL ARTERY","http://purl.obolibrary.org/obo/UBERON_0001398","TARA:hasRelatedArtery","","","","",""
"LU 4","","","BRACHIAL VEIN","http://purl.obolibrary.org/obo/UBERON_0001413","TARA:hasRelatedVein","","","","",""
"LU 5","LU 5","The branches of the radial recurrent artery and vein, the cephalic vein. (Chinese acupuncture and moxibustion, 1999)","RADIAL RECURRENT ARTERY","http://uri.interlex.org/base/ilx_0797494","TARA:hasRelatedArtery","","","","",""
"LU 5","","","radial recurrent vein","http://uri.interlex.org/base/ilx_0797495","TARA:hasRelatedVein","","","","",""
"LU 5","","","CEPHALIC VEIN","http://purl.obolibrary.org/obo/UBERON_0001106","TARA:hasRelatedVein","","","","",""
"LU 6","LU 6","The cephalic vein, the radial artery and vein. (Chinese acupuncture and moxibustion, 1999)","CEPHALIC VEIN","http://purl.obolibrary.org/obo/UBERON_0001106","TARA:hasRelatedVein","","","","",""
"LU 6","","","RADIAL ARTERY","http://purl.obolibrary.org/obo/UBERON_0001404","TARA:hasRelatedArtery","","","","",""
"LU 6","","","RADIAL VEIN","http://purl.obolibrary.org/obo/UBERON_8600092","TARA:hasRelatedVein","","","","",""
"LU 7","LU 7","The cephalic vein, branches of the radial artery and vein. (Chinese acupuncture and moxibustion, 1999)","CEPHALIC VEIN","http://purl.obolibrary.org/obo/UBERON_0001106","TARA:hasRelatedVein","","","","",""
"LU 7","","","RADIAL ARTERY","http://purl.obolibrary.org/obo/UBERON_0001404","TARA:hasRelatedArtery","","","","",""
"LU 7","","","RADIAL VEIN","http://purl.obolibrary.org/obo/UBERON_8600092","TARA:hasRelatedVein","","","","",""
"LU 8","LU 8","Laterally, the radial artery and vein. (Chinese acupuncture and moxibustion, 1999)","RADIAL ARTERY","http://purl.obolibrary.org/obo/UBERON_0001404","TARA:hasRelatedArtery","","","","",""
"LU 8","","","RADIAL VEIN","http://purl.obolibrary.org/obo/UBERON_8600092","TARA:hasRelatedVein","","","","",""
"LU 9","LU 9","The radial artery and vein. (Chinese acupuncture and moxibustion, 1999)","RADIAL ARTERY","http://purl.obolibrary.org/obo/UBERON_0001404","TARA:hasRelatedArtery","","","","",""
"LU 9","","","RADIAL VEIN","http://purl.obolibrary.org/obo/UBERON_8600092","TARA:hasRelatedVein","","","","",""
"LU 10","LU 10","Venules of the thumb draining to the cephalic vein. (Chinese acupuncture and moxibustion, 1999)","CEPHALIC VEIN","http://purl.obolibrary.org/obo/UBERON_0001106","TARA:hasRelatedVein","","","","",""
"LU 11","LU 11","The arterial and venous network formed by the proper palmar digital artery and veins. (Chinese acupuncture and moxibustion, 1999)","PROPER PALMAR DIGITAL ARTERY","http://purl.obolibrary.org/obo/UBERON_0006137","TARA:hasRelatedArtery","","","","",""
"LU 11","","","PROPER PALMAR DIGITAL VEIN","http://purl.obolibrary.org/obo/UBERON_0004561","TARA:hasRelatedVein","","","","",""
"LI 1","LI 1","The arterial and venous network formed by the dorsal digital arteries and veins. (Chinese acupuncture and moxibustion, 1999)","DORSAL DIGITAL ARTERIES","http://purl.obolibrary.org/obo/UBERON_0006163","TARA:hasRelatedArtery","","","","",""
"LI 1","","","DORSAL DIGITAL VEINS","http://uri.interlex.org/base/ilx_0797525","TARA:hasRelatedVein","","","","",""
"LI 2","LI 2","The dorsal digital and plamar digital proper arteries and veins derived from the radial artery and vein. (Chinese acupuncture and moxibustion, 1999)","DORSAL DIGITAL ARTERIES","http://purl.obolibrary.org/obo/UBERON_0006163","TARA:hasRelatedArtery","","","","",""
"LI 2","","","DORSAL DIGITAL VEINS","http://uri.interlex.org/base/ilx_0797525","TARA:hasRelatedVein","","","","",""
"LI 2","","","PROPER PALMAR DIGITAL ARTERIES","http://purl.obolibrary.org/obo/UBERON_0006137","TARA:hasRelatedArtery","","","","",""
"LI 2","","","PROPER PALMAR DIGITAL VEIN","http://purl.obolibrary.org/obo/UBERON_0004561","TARA:hasRelatedVein","","","","",""
"LI 3","LI 3","The dorsal venous network of the hand and the branch of the first dorsal metacarpal artery. (Chinese acupuncture and moxibustion, 1999)","dorsal venous network of hand","http://uri.interlex.org/base/ilx_0797526","TARA:hasRelatedVein","","","","",""
"LI 3","","","FIRST DORSAL METACARPAL ARTERY","http://uri.interlex.org/base/ilx_0797527","TARA:hasRelatedArtery","","","","",""
"LI 4","LI 4","The venous network of the dorsum of the hand. (Chinese acupuncture and moxibustion, 1999)","dorsal venous network of hand","http://uri.interlex.org/base/ilx_0797526","TARA:hasRelatedVein","","","","",""
"LI 5","LI 5","The cephalic vein, the radial artery and its dorsal carpal branch. (Chinese acupuncture and moxibustion, 1999)","CEPHALIC VEIN","http://purl.obolibrary.org/obo/UBERON_0001106","TARA:hasRelatedVein","","","","",""
"LI 5","","","RADIAL ARTERY","http://purl.obolibrary.org/obo/UBERON_0001404","TARA:hasRelatedArtery","","","","",""
"LI 6","LI 6","The cephalic vein. (Chinese acupuncture and moxibustion, 1999)","CEPHALIC VEIN","http://purl.obolibrary.org/obo/UBERON_0001106","TARA:hasRelatedVein","","","","",""
"LI 7","LI 7","The muscular branch of the radial artery, the cephalic vein. (Chinese acupuncture and moxibustion, 1999)","RADIAL ARTERY","http://purl.obolibrary.org/obo/UBERON_0001404","TARA:hasRelatedArtery","","","","",""
"LI 7","","","CEPHALIC VEIN","http://purl.obolibrary.org/obo/UBERON_0001106","TARA:hasRelatedVein","","","","",""
"LI 8","LI 8","See Wenliu (LI 7). (Chinese acupuncture and moxibustion, 1999)","RADIAL ARTERY","http://purl.obolibrary.org/obo/UBERON_0001404","TARA:hasRelatedArtery","","","","",""
"LI 8","","","CEPHALIC VEIN","http://purl.obolibrary.org/obo/UBERON_0001106","TARA:hasRelatedVein","","","","",""
"LI 9","LI 9","See Wenliu (LI 7). (Chinese acupuncture and moxibustion, 1999)","RADIAL ARTERY","http://purl.obolibrary.org/obo/UBERON_0001404","TARA:hasRelatedArtery","","","","",""
"LI 9","","","CEPHALIC VEIN","http://purl.obolibrary.org/obo/UBERON_0001106","TARA:hasRelatedVein","","","","",""
"LI 10","LI 10","The branches of the radial recurrent artery and vein. (Chinese acupuncture and moxibustion, 1999)","RADIAL RECURRENT ARTERY","http://uri.interlex.org/base/ilx_0797494","TARA:hasRelatedArtery","","","","",""
"LI 10","","","radial recurrent vein","http://uri.interlex.org/base/ilx_0797495","TARA:hasRelatedVein","","","","",""
"LI 11","LI 11","The branches of the radial recurrent artery and vein. (Chinese acupuncture and moxibustion, 1999)","RADIAL RECURRENT ARTERY","http://uri.interlex.org/base/ilx_0797494","TARA:hasRelatedArtery","","","","",""
"LI 11","","","radial recurrent vein","http://uri.interlex.org/base/ilx_0797495","TARA:hasRelatedVein","","","","",""
"LI 12","LI 12","The radial collateral artery and vein. (Chinese acupuncture and moxibustion, 1999)","RADIAL COLLATERAL ARTERY","http://uri.interlex.org/base/ilx_0797497","TARA:hasRelatedArtery","","","","",""
"LI 12","","","radial collateral vein","http://uri.interlex.org/base/ilx_0797528","TARA:hasRelatedVein","","","","",""
"LI 13","LI 13","The radial collateral artery and vein. (Chinese acupuncture and moxibustion, 1999)","RADIAL COLLATERAL ARTERY","http://uri.interlex.org/base/ilx_0797497","TARA:hasRelatedArtery","","","","",""
"LI 13","","","radial collateral vein","http://uri.interlex.org/base/ilx_0797528","TARA:hasRelatedVein","","","","",""
"LI 14","LI 14","The branches of posterior circumflex humeral artery and vein, the deep brachial artery and vein. (Chinese acupuncture and moxibustion, 1999)","POSTERIOR CIRCUMFLEX HUMERAL ARTERY","http://uri.interlex.org/base/ilx_0797496","TARA:hasRelatedArtery","","","","",""
"LI 14","","","POSTERIOR CIRCUMFLEX HUMERAL VEIN","http://purl.obolibrary.org/obo/UBERON_0006200","TARA:hasRelatedVein","","","","",""
"LI 14","","","DEEP BRACHIAL ARTERY","http://purl.obolibrary.org/obo/UBERON_0001399","TARA:hasRelatedArtery","","","","",""
"LI 14","","","DEEP BRACHIAL VEIN","http://uri.interlex.org/base/ilx_0797498","TARA:hasRelatedVein","","","","",""
"LI 15","LI 15","The posterior circumflex artery and vein. (Chinese acupuncture and moxibustion, 1999)","POSTERIOR CIRCUMFLEX HUMERAL ARTERY","http://uri.interlex.org/base/ilx_0797496","TARA:hasRelatedArtery","","","","",""
"LI 15","","","POSTERIOR CIRCUMFLEX HUMERAL VEIN","http://purl.obolibrary.org/obo/UBERON_0006200","TARA:hasRelatedVein","","","","",""
"LI 16","LI 16","Deeper, the suprascapular artery and vein. (Chinese acupuncture and moxibustion, 1999)","SUPRASCAPULAR ARTERY","http://purl.obolibrary.org/obo/UBERON_0039847","TARA:hasRelatedArtery","","","","",""
"LI 16","","","SUPRASCAPULAR VEIN","http://purl.obolibrary.org/obo/UBERON_0039187","TARA:hasRelatedVein","","","","",""
"LI 17","LI 17","The external jugular vein. (Chinese acupuncture and moxibustion, 1999)","EXTERNAL JUGULAR VEIN","http://purl.obolibrary.org/obo/UBERON_0001101","TARA:hasRelatedVein","","","","",""
"LI 18","LI 18","Deeper, on the medial side, the ascending cervical artery and vein. (Chinese acupuncture and moxibustion, 1999)","ASCENDING CERVICAL ARTERY","http://purl.obolibrary.org/obo/UBERON_0012322","TARA:hasRelatedArtery","","","","",""
"LI 18","","","ascending cervical vein","http://uri.interlex.org/base/ilx_0797499","TARA:hasRelatedVein","","","","",""
"LI 19","LI 19","The superior labial branches of the facial artery and vein. (Chinese acupuncture and moxibustion, 1999)","FACIAL ARTERY","http://purl.obolibrary.org/obo/UBERON_0001612","TARA:hasRelatedArtery","","","","",""
"LI 19","","","FACIAL VEIN","http://purl.obolibrary.org/obo/UBERON_0001653","TARA:hasRelatedVein","","","","",""
"LI 20","LI 20","The facial artery and vein, the branches of the infraorbital artery and vein. (Chinese acupuncture and moxibustion, 1999)","FACIAL ARTERY","http://purl.obolibrary.org/obo/UBERON_0001612","TARA:hasRelatedArtery","","","","",""
"LI 20","","","FACIAL VEIN","http://purl.obolibrary.org/obo/UBERON_0001653","TARA:hasRelatedVein","","","","",""
"LI 20","","","INFRAORBITAL ARTERY","http://purl.obolibrary.org/obo/UBERON_0004646","TARA:hasRelatedArtery","","","","",""
"LI 20","","","infraorbital vein","http://uri.interlex.org/base/ilx_0797500","TARA:hasRelatedVein","","","","",""
"ST 1","ST 1","The branches of the infraorbital artery and infraorbital vein, and ophthalmic artery and ophthalmic veins. (Chinese acupuncture and moxibustion, 1999)","INFRAORBITAL ARTERY","http://purl.obolibrary.org/obo/UBERON_0004646","TARA:hasRelatedArtery","","","","",""
"ST 1","","","infraorbital vein","http://uri.interlex.org/base/ilx_0797500","TARA:hasRelatedVein","","","","",""
"ST 1","","","OPHTHALMIC ARTERY","http://purl.obolibrary.org/obo/UBERON_0001619","TARA:hasRelatedArtery","","","","",""
"ST 1","","","OPHTHALMIC VEIN","http://purl.obolibrary.org/obo/UBERON_0011191","TARA:hasRelatedVein","","","","",""
"ST 2","ST 2","The branches of facial artery and vein, the infraorbital artery and vein. (Chinese acupuncture and moxibustion, 1999)","FACIAL ARTERY","http://purl.obolibrary.org/obo/UBERON_0001612","TARA:hasRelatedArtery","","","","",""
"ST 2","","","FACIAL VEIN","http://purl.obolibrary.org/obo/UBERON_0001653","TARA:hasRelatedVein","","","","",""
"ST 2","","","INFRAORBITAL ARTERY","http://purl.obolibrary.org/obo/UBERON_0004646","TARA:hasRelatedArtery","","","","",""
"ST 2","","","infraorbital vein","http://uri.interlex.org/base/ilx_0797500","TARA:hasRelatedVein","","","","",""
"ST 3","ST 3","The branches of the facial and infraorbital arteries and veins. (Chinese acupuncture and moxibustion, 1999)","FACIAL ARTERY","http://purl.obolibrary.org/obo/UBERON_0001612","TARA:hasRelatedArtery","","","","",""
"ST 3","","","FACIAL VEIN","http://purl.obolibrary.org/obo/UBERON_0001653","TARA:hasRelatedVein","","","","",""
"ST 3","","","INFRAORBITAL ARTERY","http://purl.obolibrary.org/obo/UBERON_0004646","TARA:hasRelatedArtery","","","","",""
"ST 3","","","infraorbital vein","http://uri.interlex.org/base/ilx_0797500","TARA:hasRelatedVein","","","","",""
"ST 4","ST 4","The facial artery and vein. (Chinese acupuncture and moxibustion, 1999)","FACIAL ARTERY","http://purl.obolibrary.org/obo/UBERON_0001612","TARA:hasRelatedArtery","","","","",""
"ST 4","","","FACIAL VEIN","http://purl.obolibrary.org/obo/UBERON_0001653","TARA:hasRelatedVein","","","","",""
"ST 5","ST 5","Anteriorly, the facial artery and vein. (Chinese acupuncture and moxibustion, 1999)","FACIAL ARTERY","http://purl.obolibrary.org/obo/UBERON_0001612","TARA:hasRelatedArtery","","","","",""
"ST 5","","","FACIAL VEIN","http://purl.obolibrary.org/obo/UBERON_0001653","TARA:hasRelatedVein","","","","",""
"ST 6","ST 6","The masseteric artery. (Chinese acupuncture and moxibustion, 1999)","MASSETERIC ARTERY","http://purl.obolibrary.org/obo/UBERON_0013648","TARA:hasRelatedArtery","","","","",""
"ST 7","ST 7","Superficially, the transverse facial artery and vein; in the deepest layer, the maxillary artery and maxillary vein. (Chinese acupuncture and moxibustion, 1999)","TRANSVERSE FACIAL ARTERY","http://purl.obolibrary.org/obo/UBERON_0001615","TARA:hasRelatedArtery","","","","",""
"ST 7","","","TRANSVERSE FACIAL VEIN","http://purl.obolibrary.org/obo/UBERON_0001659","TARA:hasRelatedVein","","","","",""
"ST 7","","","MAXILLARY ARTERY","http://purl.obolibrary.org/obo/UBERON_0001616","TARA:hasRelatedArtery","","","","",""
"ST 7","","","MAXILLARY VEIN","http://purl.obolibrary.org/obo/UBERON_0001660","TARA:hasRelatedVein","","","","",""
"ST 8","ST 8","The frontal branches of the superficial temporal artery and vein. (Chinese acupuncture and moxibustion, 1999)","SUPERFICIAL TEMPORAL ARTERY","http://purl.obolibrary.org/obo/UBERON_0001614","TARA:hasRelatedArtery","","","","",""
"ST 8","","","SUPERFICIAL TEMPORAL VEIN","http://purl.obolibrary.org/obo/UBERON_0001657","TARA:hasRelatedVein","","","","",""
"ST 9","ST 9","The superior thyroid artery on the bifurcation of the internal and the external carotid artery. (Chinese acupuncture and moxibustion, 1999)","SUPERIOR THYROID ARTERY","http://purl.obolibrary.org/obo/UBERON_0007150","TARA:hasRelatedArtery","","","","",""
"ST 9","","","INTERNAL CAROTID ARTERY","http://purl.obolibrary.org/obo/UBERON_0001532","TARA:hasRelatedArtery","","","","",""
"ST 9","","","EXTERNAL CAROTID ARTERY","http://purl.obolibrary.org/obo/UBERON_0001070","TARA:hasRelatedArtery","","","","",""
"ST 10","ST 10","The common carotid artery. (Chinese acupuncture and moxibustion, 1999)","COMMON CAROTID ARTERY","http://purl.obolibrary.org/obo/UBERON_0010197","TARA:hasRelatedArtery","","","","",""
"ST 11","ST 11","Superficially, the anterior jugular vein; deeper, the common carotid artery. (Chinese acupuncture and moxibustion, 1999)","ANTERIOR JUGULAR VEIN","http://purl.obolibrary.org/obo/UBERON_0001104","TARA:hasRelatedVein","","","","",""
"ST 11","","","COMMON CAROTID ARTERY","http://purl.obolibrary.org/obo/UBERON_0010197","TARA:hasRelatedArtery","","","","",""
"ST 12","ST 12","Superiorly, the transverse cervical artery. (Chinese acupuncture and moxibustion, 1999)","TRANSVERSE CERVICAL ARTERY","http://purl.obolibrary.org/obo/UBERON_0012324","TARA:hasRelatedArtery","","","","",""
"ST 13","ST 13","The branches of the thoracoacromial artery and thoracoacromial vein; superiorly, the subclavicular vein. (Chinese acupuncture and moxibustion, 1999)","THORACOACROMIAL ARTERY","http://purl.obolibrary.org/obo/UBERON_0001395","TARA:hasRelatedArtery","","","","",""
"ST 13","","","THORACOACROMIAL VEIN","http://purl.obolibrary.org/obo/UBERON_8600074","TARA:hasRelatedVein","","","","",""
"ST 13","","","subclavicular vein","http://purl.obolibrary.org/obo/UBERON_0001587","TARA:hasRelatedVein","","","","",""
"ST 14","ST 14","The thoracoacromial artery and vein and the branches of the lateral thoracic artery and vein. (Chinese acupuncture and moxibustion, 1999)","THORACOACROMIAL ARTERY","http://purl.obolibrary.org/obo/UBERON_0001395","TARA:hasRelatedArtery","","","","",""
"ST 14","","","THORACOACROMIAL VEIN","http://purl.obolibrary.org/obo/UBERON_8600074","TARA:hasRelatedVein","","","","",""
"ST 14","","","LATERAL THORACIC ARTERY","http://purl.obolibrary.org/obo/UBERON_0001396","TARA:hasRelatedArtery","","","","",""
"ST 14","","","LATERAL THORACIC VEIN","http://purl.obolibrary.org/obo/UBERON_0002088","TARA:hasRelatedVein","","","","",""
"ST 15","ST 15","See Kufang (ST 14). (Chinese acupuncture and moxibustion, 1999)","THORACOACROMIAL ARTERY","http://purl.obolibrary.org/obo/UBERON_0001395","TARA:hasRelatedArtery","","","","",""
"ST 15","","","THORACOACROMIAL VEIN","http://purl.obolibrary.org/obo/UBERON_8600074","TARA:hasRelatedVein","","","","",""
"ST 15","","","LATERAL THORACIC ARTERY","http://purl.obolibrary.org/obo/UBERON_0001396","TARA:hasRelatedArtery","","","","",""
"ST 15","","","LATERAL THORACIC VEIN","http://purl.obolibrary.org/obo/UBERON_0002088","TARA:hasRelatedVein","","","","",""
"ST 16","ST 16","The lateral thoracic artery and vein. (Chinese acupuncture and moxibustion, 1999)","LATERAL THORACIC ARTERY","http://purl.obolibrary.org/obo/UBERON_0001396","TARA:hasRelatedArtery","","","","",""
"ST 16","","","LATERAL THORACIC VEIN","http://purl.obolibrary.org/obo/UBERON_0002088","TARA:hasRelatedVein","","","","",""
"ST 17","ST 17","There is no vasculature information in the textbook","","","","","","","",""
"ST 17 M","ST 17 (Male)","There is no vasculature information in the textbook","","","","","","","",""
"ST 17 F","ST 17 (Female)","There is no vasculature information in the textbook","","","","","","","",""
"ST 18","ST 18","The branches of the intercostal artery and vein. (Chinese acupuncture and moxibustion, 1999)","INTERCOSTAL ARTERY","http://purl.obolibrary.org/obo/UBERON_0005612","TARA:hasRelatedArtery","","","","",""
"ST 18","","","INTERCOSTAL VEIN","http://purl.obolibrary.org/obo/UBERON_0012197","TARA:hasRelatedVein","","","","",""
"ST 18 M","ST 18 (Male)","The branches of the intercostal artery and vein. (Chinese acupuncture and moxibustion, 1999)","INTERCOSTAL ARTERY","http://purl.obolibrary.org/obo/UBERON_0005612","TARA:hasRelatedArtery","","","","",""
"ST 18 M","","","INTERCOSTAL VEIN","http://purl.obolibrary.org/obo/UBERON_0012197","TARA:hasRelatedVein","","","","",""
"ST 18 F","ST 18 (Female)","The branches of the intercostal artery and vein. (Chinese acupuncture and moxibustion, 1999)","INTERCOSTAL ARTERY","http://purl.obolibrary.org/obo/UBERON_0005612","TARA:hasRelatedArtery","","","","",""
"ST 18 F","","","INTERCOSTAL VEIN","http://purl.obolibrary.org/obo/UBERON_0012197","TARA:hasRelatedVein","","","","",""
"ST 19","ST 19","The branches of the seventh intercostal artery and vein, the branches of the superior epigastric artery and vein. (Chinese acupuncture and moxibustion, 1999)","Seventh posterior intercostal artery","http://uri.interlex.org/base/ilx_0792908","TARA:hasRelatedArtery","","","","",""
"ST 19","","","intercostal vein","http://purl.obolibrary.org/obo/UBERON_0012197","TARA:hasRelatedVein","","","","",""
"ST 19","","","SUPERIOR EPIGASTRIC ARTERY","http://purl.obolibrary.org/obo/UBERON_0007153","TARA:hasRelatedArtery","","","","",""
"ST 19","","","SUPERIOR EPIGASTRIC VEIN","http://purl.obolibrary.org/obo/UBERON_0007155","TARA:hasRelatedVein","","","","",""
"ST 20","ST 20","In comment","Seventh posterior intercostal artery","http://uri.interlex.org/base/ilx_0792908","TARA:hasRelatedArtery","","","","",""
"ST 20","","","intercostal vein","http://purl.obolibrary.org/obo/UBERON_0012197","TARA:hasRelatedVein","","","","",""
"ST 20","","","SUPERIOR EPIGASTRIC ARTERY","http://purl.obolibrary.org/obo/UBERON_0007153","TARA:hasRelatedArtery","","","","",""
"ST 20","","","SUPERIOR EPIGASTRIC VEIN","http://purl.obolibrary.org/obo/UBERON_0007155","TARA:hasRelatedVein","","","","",""
"ST 21","ST 21","The branches of the eighth intercostal and superior epigastric arteries and veins. (Chinese acupuncture and moxibustion, 1999)","Eighth posterior intercostal artery","http://uri.interlex.org/base/ilx_0792821","TARA:hasRelatedArtery","","","","",""
"ST 21","","","intercostal vein","http://purl.obolibrary.org/obo/UBERON_0012197","TARA:hasRelatedVein","","","","",""
"ST 21","","","SUPERIOR EPIGASTRIC ARTERY","http://purl.obolibrary.org/obo/UBERON_0007153","TARA:hasRelatedArtery","","","","",""
"ST 21","","","SUPERIOR EPIGASTRIC VEIN","http://purl.obolibrary.org/obo/UBERON_0007155","TARA:hasRelatedVein","","","","",""
"ST 22","ST 22","In comment","Eighth posterior intercostal artery","http://uri.interlex.org/base/ilx_0792821","TARA:hasRelatedArtery","","","","",""
"ST 22","","","intercostal vein","http://purl.obolibrary.org/obo/UBERON_0012197","TARA:hasRelatedVein","","","","",""
"ST 22","","","SUPERIOR EPIGASTRIC ARTERY","http://purl.obolibrary.org/obo/UBERON_0007153","TARA:hasRelatedArtery","","","","",""
"ST 22","","","SUPERIOR EPIGASTRIC VEIN","http://purl.obolibrary.org/obo/UBERON_0007155","TARA:hasRelatedVein","","","","",""
"ST 23","ST 23","The branches of the eighth and ninth intercostal and inferior epigastric arteries and veins. (Chinese acupuncture and moxibustion, 1999)","Eighth posterior intercostal artery","http://uri.interlex.org/base/ilx_0792821","TARA:hasRelatedArtery","","","","",""
"ST 23","","","Ninth posterior intercostal artery","http://uri.interlex.org/base/ilx_0791352","TARA:hasRelatedVein","","","","",""
"ST 23","","","intercostal vein","http://purl.obolibrary.org/obo/UBERON_0012197","TARA:hasRelatedVein","","","","",""
"ST 23","","","INFERIOR EPIGASTRIC ARTERY","http://purl.obolibrary.org/obo/UBERON_0001354","TARA:hasRelatedArtery","","","","",""
"ST 23","","","INFERIOR EPIGASTRIC VEIN","http://purl.obolibrary.org/obo/UBERON_0007154","TARA:hasRelatedVein","","","","",""
"ST 24","ST 24","The branches of the ninth intercostal and inferior epigastric arteries and veins.","Ninth posterior intercostal artery","http://uri.interlex.org/base/ilx_0791352","TARA:hasRelatedVein","","","","",""
"ST 24","","","intercostal vein","http://purl.obolibrary.org/obo/UBERON_0012197","TARA:hasRelatedVein","","","","",""
"ST 24","","","INFERIOR EPIGASTRIC ARTERY","http://purl.obolibrary.org/obo/UBERON_0001354","TARA:hasRelatedArtery","","","","",""
"ST 24","","","INFERIOR EPIGASTRIC VEIN","http://purl.obolibrary.org/obo/UBERON_0007154","TARA:hasRelatedVein","","","","",""
"ST 25","ST 25","The branches of the tenth intercostal and inferior epigastric arteries and veins.","TENTH POSTERIOR INTERCOSTAL ARTERY","http://uri.interlex.org/base/ilx_0791495","TARA:hasRelatedArtery","","","","",""
"ST 25","","","intercostal vein","http://purl.obolibrary.org/obo/UBERON_0012197","TARA:hasRelatedVein","","","","",""
"ST 25","","","INFERIOR EPIGASTRIC ARTERY","http://purl.obolibrary.org/obo/UBERON_0001354","TARA:hasRelatedArtery","","","","",""
"ST 25","","","INFERIOR EPIGASTRIC VEIN","http://purl.obolibrary.org/obo/UBERON_0007154","TARA:hasRelatedVein","","","","",""
"ST 26","ST 26","The branches of the tenth intercostal and inferior epigastric arteries and veins.","TENTH POSTERIOR INTERCOSTAL ARTERY","http://uri.interlex.org/base/ilx_0791495","TARA:hasRelatedArtery","","","","",""
"ST 26","","","intercostal vein","http://purl.obolibrary.org/obo/UBERON_0012197","TARA:hasRelatedVein","","","","",""
"ST 26","","","INFERIOR EPIGASTRIC ARTERY","http://purl.obolibrary.org/obo/UBERON_0001354","TARA:hasRelatedArtery","","","","",""
"ST 26","","","INFERIOR EPIGASTRIC VEIN","http://purl.obolibrary.org/obo/UBERON_0007154","TARA:hasRelatedVein","","","","",""
"ST 27","ST 27","The branches of the eleventh intercostal artery and vein; laterally, the inferior epigastric artery and vein. (Chinese acupuncture and moxibustion, 1999)","Eleventh posterior intercostal artery","http://uri.interlex.org/base/ilx_0791079","TARA:hasRelatedArtery","","","","",""
"ST 27","","","intercostal vein","http://purl.obolibrary.org/obo/UBERON_0012197","TARA:hasRelatedVein","","","","",""
"ST 27","","","INFERIOR EPIGASTRIC ARTERY","http://purl.obolibrary.org/obo/UBERON_0001354","TARA:hasRelatedArtery","","","","",""
"ST 27","","","INFERIOR EPIGASTRIC VEIN","http://purl.obolibrary.org/obo/UBERON_0007154","TARA:hasRelatedVein","","","","",""
"ST 28","ST 28","The branches of the subcostal artery and subcostal vein; laterally, the inferior epigastric artery and vein. (Chinese acupuncture and moxibustion, 1999)","SUBCOSTAL ARTERY","http://purl.obolibrary.org/obo/UBERON_0001561","TARA:hasRelatedArtery","","","","",""
"ST 28","","","SUBCOSTAL VEIN","http://purl.obolibrary.org/obo/UBERON_0000985","TARA:hasRelatedVein","","","","",""
"ST 28","","","INFERIOR EPIGASTRIC ARTERY","http://purl.obolibrary.org/obo/UBERON_0001354","TARA:hasRelatedArtery","","","","",""
"ST 28","","","INFERIOR EPIGASTRIC VEIN","http://purl.obolibrary.org/obo/UBERON_0007154","TARA:hasRelatedVein","","","","",""
"ST 29","ST 29","Laterally, the inferior epigastric artery and vein. (Chinese acupuncture and moxibustion, 1999)","INFERIOR EPIGASTRIC ARTERY","http://purl.obolibrary.org/obo/UBERON_0001354","TARA:hasRelatedArtery","","","","",""
"ST 29","","","INFERIOR EPIGASTRIC VEIN","http://purl.obolibrary.org/obo/UBERON_0007154","TARA:hasRelatedVein","","","","",""
"ST 30","ST 30","The branches of the superficial epigastric artery and vein; laterally, the inferior epigastric artery and vein. (Chinese acupuncture and moxibustion, 1999)","SUPERFICIAL EPIGASTRIC ARTERY","http://purl.obolibrary.org/obo/UBERON_0034964","TARA:hasRelatedArtery","","","","",""
"ST 30","","","SUPERFICIAL EPIGASTRIC VEIN","http://purl.obolibrary.org/obo/UBERON_0014692","TARA:hasRelatedVein","","","","",""
"ST 30","","","INFERIOR EPIGASTRIC ARTERY","http://purl.obolibrary.org/obo/UBERON_0001354","TARA:hasRelatedArtery","","","","",""
"ST 30","","","INFERIOR EPIGASTRIC VEIN","http://purl.obolibrary.org/obo/UBERON_0007154","TARA:hasRelatedVein","","","","",""
"ST 31","ST 31","Deeper, the branches of the lateral circumflex femora l artery and vein.","LATERAL CIRCUMFLEX FEMORAL ARTERY","http://uri.interlex.org/base/ilx_0797501","TARA:hasRelatedArtery","","","","",""
"ST 31","","","LATERAL CIRCUMFLEX FEMORAL VEIN","http://uri.interlex.org/base/ilx_0797502","TARA:hasRelatedVein","","","","",""
"ST 32","ST 32","The branches of the lateral circumflex femoral artery and vein. (Chinese acupuncture and moxibustion, 1999)","LATERAL CIRCUMFLEX FEMORAL ARTERY","http://uri.interlex.org/base/ilx_0797501","TARA:hasRelatedArtery","","","","",""
"ST 32","","","LATERAL CIRCUMFLEX FEMORAL VEIN","http://uri.interlex.org/base/ilx_0797502","TARA:hasRelatedVein","","","","",""
"ST 33","ST 33","The descending branch of the lateral circumflex femoral artery. (Chinese acupuncture and moxibustion, 1999)","LATERAL CIRCUMFLEX FEMORAL ARTERY","http://uri.interlex.org/base/ilx_0797501","TARA:hasRelatedArtery","","","","",""
"ST 34","ST 34","In comment","LATERAL CIRCUMFLEX FEMORAL ARTERY","http://uri.interlex.org/base/ilx_0797501","TARA:hasRelatedArtery","","","","",""
"ST 35","ST 35","The arterial and venous network around the knee joint. (Chinese acupuncture and moxibustion, 1999)","popliteal vein","http://purl.obolibrary.org/obo/UBERON_0001544","TARA:hasRelatedVein","","","","",""
"ST 35","","","popliteal artery","http://purl.obolibrary.org/obo/UBERON_0002250","TARA:hasRelatedArtery","","","","",""
"ST 36","ST 36","The anterior tibial artery and vein. (Chinese acupuncture and moxibustion, 1999)","anterior tibial artery","http://purl.obolibrary.org/obo/UBERON_0001537","TARA:hasRelatedArtery","","","","",""
"ST 36","","","ANTERIOR TIBIAL VEIN","http://purl.obolibrary.org/obo/UBERON_0001545","TARA:hasRelatedVein","","","","",""
"ST 37","ST 37","The anterior tibial artery and vein. (Chinese acupuncture and moxibustion, 1999)","anterior tibial artery","http://purl.obolibrary.org/obo/UBERON_0001537","TARA:hasRelatedArtery","","","","",""
"ST 37","","","ANTERIOR TIBIAL VEIN","http://purl.obolibrary.org/obo/UBERON_0001545","TARA:hasRelatedVein","","","","",""
"ST 38","ST 38","The anterior tibial artery and vein. (Chinese acupuncture and moxibustion, 1999)","anterior tibial artery","http://purl.obolibrary.org/obo/UBERON_0001537","TARA:hasRelatedArtery","","","","",""
"ST 38","","","ANTERIOR TIBIAL VEIN","http://purl.obolibrary.org/obo/UBERON_0001545","TARA:hasRelatedVein","","","","",""
"ST 39","ST 39","The anterior tibial artery and anterior tibial vein. (Chinese acupuncture and moxibustion, 1999)","anterior tibial artery","http://purl.obolibrary.org/obo/UBERON_0001537","TARA:hasRelatedArtery","","","","",""
"ST 39","","","ANTERIOR TIBIAL VEIN","http://purl.obolibrary.org/obo/UBERON_0001545","TARA:hasRelatedVein","","","","",""
"ST 40","ST 40","The branches of the anterior tibial artery and vein. (Chinese acupuncture and moxibustion, 1999)","anterior tibial artery","http://purl.obolibrary.org/obo/UBERON_0001537","TARA:hasRelatedArtery","","","","",""
"ST 40","","","ANTERIOR TIBIAL VEIN","http://purl.obolibrary.org/obo/UBERON_0001545","TARA:hasRelatedVein","","","","",""
"ST 41","ST 41","The anterior tibial artery and vein. (Chinese acupuncture and moxibustion, 1999)","anterior tibial artery","http://purl.obolibrary.org/obo/UBERON_0001537","TARA:hasRelatedArtery","","","","",""
"ST 41","","","ANTERIOR TIBIAL VEIN","http://purl.obolibrary.org/obo/UBERON_0001545","TARA:hasRelatedVein","","","","",""
"ST 42","ST 42","The dorsal artery and vein of foot, the dorsal venous network of foot. (Chinese acupuncture and moxibustion, 1999)","dorsalis pedis artery","http://purl.obolibrary.org/obo/UBERON_0001539","TARA:hasRelatedArtery","","","","",""
"ST 42","","","dorsal venous arch","http://purl.obolibrary.org/obo/UBERON_0008783","TARA:hasRelatedVein","","","","",""
"ST 43","ST 43","The dorsal venous network of foot. (Chinese acupuncture and moxibustion, 1999)","dorsal venous arch","http://purl.obolibrary.org/obo/UBERON_0008783","TARA:hasRelatedVein","","","","",""
"ST 44","ST 44","The dorsal venous network of foot. (Chinese acupuncture and moxibustion, 1999)","dorsal venous arch","http://purl.obolibrary.org/obo/UBERON_0008783","TARA:hasRelatedVein","","","","",""
"ST 45","ST 45","The arterial and venous network formed by the dorsal digital artery and vein of foot. (Chinese acupuncture and moxibustion, 1999)","dorsal digital artery of pes","http://purl.obolibrary.org/obo/UBERON_0006145","TARA:hasRelatedArtery","","","","",""
"ST 45","","","Dorsal digital vein of foot","http://uri.interlex.org/base/ilx_0797503","TARA:hasRelatedVein","","","","",""
"SP 1","SP 1","The dorsal digital artery. (Chinese acupuncture and moxibustion, 1999)","dorsal digital artery of pes","http://purl.obolibrary.org/obo/UBERON_0006145","TARA:hasRelatedArtery","","","","",""
"SP 2","SP 2","The branches of the medial plantar artery and vein. (Chinese acupuncture and moxibustion, 1999)","MEDIAL PLANTAR ARTERY","http://purl.obolibrary.org/obo/UBERON_0001541","TARA:hasRelatedArtery","","","","",""
"SP 2","","","MEDIAL PLANTAR VEIN","http://purl.obolibrary.org/obo/UBERON_0006144","TARA:hasRelatedVein","","","","",""
"SP 3","SP 3","The dorsal venous network of the foot, the medial plantar artery and the branches of the medial tarsal artery. (Chinese acupuncture and moxibustion, 1999)","Dorsal digital vein of foot","http://uri.interlex.org/base/ilx_0797503","TARA:hasRelatedVein","","","","",""
"SP 3","","","MEDIAL PLANTAR ARTERY","http://purl.obolibrary.org/obo/UBERON_0001541","TARA:hasRelatedArtery","","","","",""
"SP 3","","","MEDIAL TARSAL ARTERY","http://purl.obolibrary.org/obo/UBERON_0001553","TARA:hasRelatedArtery","","","","",""
"SP 4","SP 4","The medial tarsal artery and the dorsal venous network of the foot. (Chinese acupuncture and moxibustion, 1999)","MEDIAL TARSAL ARTERY","http://purl.obolibrary.org/obo/UBERON_0001553","TARA:hasRelatedArtery","","","","",""
"SP 4","","","Dorsal digital vein of foot","http://uri.interlex.org/base/ilx_0797503","TARA:hasRelatedVein","","","","",""
"SP 5","SP 5","The medial tarsal artery and the great saphenous vein. (Chinese acupuncture and moxibustion, 1999)","MEDIAL TARSAL ARTERY","http://purl.obolibrary.org/obo/UBERON_0001553","TARA:hasRelatedArtery","","","","",""
"SP 5","","","GREAT SAPHENOUS VEIN","http://purl.obolibrary.org/obo/UBERON_0001363","TARA:hasRelatedVein","","","","",""
"SP 6","SP 6","The great saphenous vein, the posterior tibial artery and vein. (Chinese acupuncture and moxibustion, 1999)","GREAT SAPHENOUS VEIN","http://purl.obolibrary.org/obo/UBERON_0001363","TARA:hasRelatedVein","","","","",""
"SP 6","","","POSTERIOR TIBIAL ARTERY","http://purl.obolibrary.org/obo/UBERON_0001538","TARA:hasRelatedArtery","","","","",""
"SP 6","","","POSTERIOR TIBIAL VEIN","http://purl.obolibrary.org/obo/UBERON_0001546","TARA:hasRelatedVein","","","","",""
"SP 7","SP 7","The great saphenous vein, the posterior tibial artery and vein. (Chinese acupuncture and moxibustion, 1999)","GREAT SAPHENOUS VEIN","http://purl.obolibrary.org/obo/UBERON_0001363","TARA:hasRelatedVein","","","","",""
"SP 7","","","POSTERIOR TIBIAL ARTERY","http://purl.obolibrary.org/obo/UBERON_0001538","TARA:hasRelatedArtery","","","","",""
"SP 7","","","POSTERIOR TIBIAL VEIN","http://purl.obolibrary.org/obo/UBERON_0001546","TARA:hasRelatedVein","","","","",""
"SP 8","SP 8","Anteriorly, the great saphenous vein and the branch of the genu suprema artery; deeper, the posterior tibial artery and vein. (Chinese acupuncture and moxibustion, 1999)","GREAT SAPHENOUS VEIN","http://purl.obolibrary.org/obo/UBERON_0001363","TARA:hasRelatedVein","","","","",""
"SP 8","","","descending genicular artery","http://uri.interlex.org/base/ilx_0797504","TARA:hasRelatedArtery","","","","",""
"SP 8","","","POSTERIOR TIBIAL ARTERY","http://purl.obolibrary.org/obo/UBERON_0001538","TARA:hasRelatedArtery","","","","",""
"SP 8","","","POSTERIOR TIBIAL VEIN","http://purl.obolibrary.org/obo/UBERON_0001546","TARA:hasRelatedVein","","","","",""
"SP 9","SP 9","Anteriorly, the great saphenous vein, the genu suprema artery; deeper, the posterior tibial artery and vein. (Chinese acupuncture and moxibustion, 1999)","GREAT SAPHENOUS VEIN","http://purl.obolibrary.org/obo/UBERON_0001363","TARA:hasRelatedVein","","","","",""
"SP 9","","","descending genicular artery","http://uri.interlex.org/base/ilx_0797504","TARA:hasRelatedArtery","","","","",""
"SP 9","","","POSTERIOR TIBIAL ARTERY","http://purl.obolibrary.org/obo/UBERON_0001538","TARA:hasRelatedArtery","","","","",""
"SP 9","","","POSTERIOR TIBIAL VEIN","http://purl.obolibrary.org/obo/UBERON_0001546","TARA:hasRelatedVein","","","","",""
"SP 10","SP 10","The muscular branches of the femoral artery and vein. (Chinese acupuncture and moxibustion, 1999)","FEMORAL ARTERY","http://purl.obolibrary.org/obo/UBERON_0002060","TARA:hasRelatedArtery","","","","",""
"SP 10","","","FEMORAL VEIN","http://purl.obolibrary.org/obo/UBERON_0001361","TARA:hasRelatedVein","","","","",""
"SP 11","SP 11","Superficially, the great saphenous vein; deeper on the lateral side, the femoral artery and vein. (Chinese acupuncture and moxibustion, 1999)","GREAT SAPHENOUS VEIN","http://purl.obolibrary.org/obo/UBERON_0001363","TARA:hasRelatedVein","","","","",""
"SP 11","","","FEMORAL ARTERY","http://purl.obolibrary.org/obo/UBERON_0002060","TARA:hasRelatedArtery","","","","",""
"SP 11","","","FEMORAL VEIN","http://purl.obolibrary.org/obo/UBERON_0001361","TARA:hasRelatedVein","","","","",""
"SP 12","SP 12","On the medial side, the femoral artery. (Chinese acupuncture and moxibustion, 1999)","FEMORAL ARTERY","http://purl.obolibrary.org/obo/UBERON_0002060","TARA:hasRelatedArtery","","","","",""
"SP 13","SP 13","There is no vasculature information in the textbook","","","TARA:hasRelatedVein","","","","",""
"SP 14","SP 14","The eleventh intercostal artery and vein. (Chinese acupuncture and moxibustion, 1999)","Eleventh posterior intercostal artery","http://uri.interlex.org/base/ilx_0791079","TARA:hasRelatedArtery","","","","",""
"SP 14","","","intercostal vein","http://purl.obolibrary.org/obo/UBERON_0012197","TARA:hasRelatedVein","","","","",""
"SP 15","SP 15","The tenth intercostal artery and vein. (Chinese acupuncture and moxibustion, 1999)","TENTH POSTERIOR INTERCOSTAL ARTERY","http://uri.interlex.org/base/ilx_0791495","TARA:hasRelatedArtery","","","","",""
"SP 15","","","intercostal vein","http://purl.obolibrary.org/obo/UBERON_0012197","TARA:hasRelatedVein","","","","",""
"SP 16","SP 16","The eighth intercostal artery and vein. (Chinese acupuncture and moxibustion, 1999)","Eighth posterior intercostal artery","http://uri.interlex.org/base/ilx_0792821","TARA:hasRelatedArtery","","","","",""
"SP 16","","","intercostal vein","http://purl.obolibrary.org/obo/UBERON_0012197","TARA:hasRelatedVein","","","","",""
"SP 17","SP 17","The thoracoepigastric vein. (Chinese acupuncture and moxibustion, 1999)","THORACOEPIGASTRIC VEIN","http://uri.interlex.org/base/ilx_0797505","TARA:hasRelatedVein","","","","",""
"SP 18","SP 18","The branches of the lateral thoracic artery and vein, the thoracoepigastric artery and vein, the fourth intercostal artery and vein. (Chinese acupuncture and moxibustion, 1999)","LATERAL THORACIC ARTERY","http://purl.obolibrary.org/obo/UBERON_0001396","TARA:hasRelatedArtery","","","","",""
"SP 18","","","LATERAL THORACIC VEIN","http://purl.obolibrary.org/obo/UBERON_0002088","TARA:hasRelatedVein","","","","",""
"SP 18","","","thoraco-acromial artery","http://purl.obolibrary.org/obo/UBERON_0001395","TARA:hasRelatedArtery","","","","",""
"SP 18","","","THORACOEPIGASTRIC VEIN","http://uri.interlex.org/base/ilx_0797505","TARA:hasRelatedVein","","","","",""
"SP 18","","","Fourth posterior intercostal artery","http://uri.interlex.org/base/ilx_0789814","TARA:hasRelatedArtery","","","","",""
"SP 18","","","intercostal vein","http://purl.obolibrary.org/obo/UBERON_0012197","TARA:hasRelatedVein","","","","",""
"SP 19","SP 19","The lateral thoracic artery and vein, the third intercostal artery and vein. (Chinese acupuncture and moxibustion, 1999)","LATERAL THORACIC ARTERY","http://purl.obolibrary.org/obo/UBERON_0001396","TARA:hasRelatedArtery","","","","",""
"SP 19","","","LATERAL THORACIC VEIN","http://purl.obolibrary.org/obo/UBERON_0002088","TARA:hasRelatedVein","","","","",""
"SP 19","","","Third posterior intercostal artery","http://uri.interlex.org/base/ilx_0792339","","","","","",""
"SP 19","","","intercostal vein","http://purl.obolibrary.org/obo/UBERON_0012197","TARA:hasRelatedVein","","","","",""
"SP 20","SP 20","The lateral thoracic artery and vein, the second intercostal artery and vein. (Chinese acupuncture and moxibustion, 1999)","LATERAL THORACIC ARTERY","http://purl.obolibrary.org/obo/UBERON_0001396","TARA:hasRelatedArtery","","","","",""
"SP 20","","","LATERAL THORACIC VEIN","http://purl.obolibrary.org/obo/UBERON_0002088","TARA:hasRelatedVein","","","","",""
"SP 20","","","intercostal vein","http://purl.obolibrary.org/obo/UBERON_0012197","TARA:hasRelatedVein","","","","",""
"SP 21","SP 21","The thoracodorsal artery and vein, the seventh intercostal artery and vein. (Chinese acupuncture and moxibustion, 1999)","THORACODORSAL ARTERY","http://purl.obolibrary.org/obo/UBERON_0002011","TARA:hasRelatedArtery","","","","",""
"SP 21","","","THORACODORSAL VEIN","http://purl.obolibrary.org/obo/UBERON_0002089","TARA:hasRelatedVein","","","","",""
"SP 21","","","Seventh posterior intercostal artery","http://uri.interlex.org/base/ilx_0792908","TARA:hasRelatedArtery","","","","",""
"SP 21","","","intercostal vein","http://purl.obolibrary.org/obo/UBERON_0012197","TARA:hasRelatedVein","","","","",""
"HT 1","HT 1","Laterally, the axillary artery. (Chinese acupuncture and moxibustion, 1999)","AXILLARY ARTERY","http://purl.obolibrary.org/obo/UBERON_0001394","TARA:hasRelatedArtery","","","","",""
"HT 2","HT 2","The basilic vein, the superior ulnar collateral artery. (Chinese acupuncture and moxibustion, 1999)","BASILIC VEIN","http://purl.obolibrary.org/obo/UBERON_0001411","TARA:hasRelatedVein","","","","",""
"HT 2","","","SUPERIOR ULNAR COLLATERAL ARTERY","http://uri.interlex.org/base/ilx_0797506","TARA:hasRelatedArtery","","","","",""
"HT 3","HT 3","The basilic vein, the inferior ulnar collateral artery, the ulnar recurrent artery and vein. (Chinese acupuncture and moxibustion, 1999)","BASILIC VEIN","http://purl.obolibrary.org/obo/UBERON_0001411","TARA:hasRelatedVein","","","","",""
"HT 3","","","INFERIOR ULNAR COLLATERAL ARTERY","http://uri.interlex.org/base/ilx_0797506","TARA:hasRelatedArtery","","","","",""
"HT 3","","","ulnar recurrent artery","http://uri.interlex.org/base/ilx_0797507","TARA:hasRelatedArtery","","","","",""
"HT 3","","","ulnar recurrent vein","http://uri.interlex.org/base/ilx_0797508","TARA:hasRelatedVein","","","","",""
"HT 4","HT 4","The ulnar artery. (Chinese acupuncture and moxibustion, 1999)","ulnar artery","http://purl.obolibrary.org/obo/UBERON_0001406","TARA:hasRelatedArtery","","","","",""
"HT 5","HT 5","See Lingdao (HT 4) (Chinese acupuncture and moxibustion, 1999)","ulnar artery","http://purl.obolibrary.org/obo/UBERON_0001406","TARA:hasRelatedArtery","","","","",""
"HT 6","HT 6","See Lingdao (HT 4). (Chinese acupuncture and moxibustion, 1999)","ulnar artery","http://purl.obolibrary.org/obo/UBERON_0001406","TARA:hasRelatedArtery","","","","",""
"HT 7","HT 7","See Lingdao (HT 4) (Chinese acupuncture and moxibustion, 1999)","ulnar artery","http://purl.obolibrary.org/obo/UBERON_0001406","TARA:hasRelatedArtery","","","","",""
"HT 8","HT 8","The common palmar digital artery and vein. (Chinese acupuncture and moxibustion, 1999)","COMMON PALMAR DIGITAL ARTERY","http://purl.obolibrary.org/obo/UBERON_0001410","TARA:hasRelatedArtery","","","","",""
"HT 8","","","COMMON PALMAR DIGITAL VEIN","http://purl.obolibrary.org/obo/UBERON_0001412","TARA:hasRelatedVein","","","","",""
"HT 9","HT 9","The arterial and venous network formed by the palmar digital proprial artery and vein. (Chinese acupuncture and moxibustion, 1999)","PROPER PALMAR DIGITAL ARTERY","http://purl.obolibrary.org/obo/UBERON_0006137","TARA:hasRelatedArtery","","","","",""
"HT 9","","","PROPER PALMAR DIGITAL VEIN","http://purl.obolibrary.org/obo/UBERON_0004561","TARA:hasRelatedVein","","","","",""
"SI 1","SI 1","The arterial and venous network formed by the palmar digital proprial artery and vein and the dorsal digital artery and vein. (Chinese acupuncture and moxibustion, 1999)","PROPER PALMAR DIGITAL ARTERY","http://purl.obolibrary.org/obo/UBERON_0006137","TARA:hasRelatedArtery","","","","",""
"SI 1","","","PROPER PALMAR DIGITAL VEIN","http://purl.obolibrary.org/obo/UBERON_0004561","TARA:hasRelatedVein","","","","",""
"SI 1","","","DORSAL DIGITAL ARTERY OF HAND","http://purl.obolibrary.org/obo/UBERON_0006146","TARA:hasRelatedArtery","","","","",""
"SI 1","","","digital vein","http://purl.obolibrary.org/obo/UBERON_0004562","TARA:hasRelatedVein","","","","",""
"SI 2","SI 2","The dorsal digital artery and vein arising from the ulnar artery and vein. (Chinese acupuncture and moxibustion, 1999)","DORSAL DIGITAL ARTERY OF HAND","http://purl.obolibrary.org/obo/UBERON_0006146","TARA:hasRelatedArtery","","","","",""
"SI 2","","","digital vein","http://purl.obolibrary.org/obo/UBERON_0004562","TARA:hasRelatedVein","","","","",""
"SI 2","","","ulnar artery","http://purl.obolibrary.org/obo/UBERON_0001406","TARA:hasRelatedArtery","","","","",""
"SI 2","","","ULNAR VEIN","http://purl.obolibrary.org/obo/UBERON_8600093","TARA:hasRelatedVein","","","","",""
"SI 3","SI 3","The dorsal digital artery and vein, the dorsal venous network of the hand. (Chinese acupuncture and moxibustion, 1999)","DORSAL DIGITAL ARTERY OF HAND","http://purl.obolibrary.org/obo/UBERON_0006146","TARA:hasRelatedArtery","","","","",""
"SI 3","","","digital vein","http://purl.obolibrary.org/obo/UBERON_0004562","TARA:hasRelatedVein","","","","",""
"SI 4","SI 4","The posterior carpal artery (the branch of the ulnar artery), the dorsal venous network of the hand. (Chinese acupuncture and moxibustion, 1999)","dorsal metacarpal artery","http://purl.obolibrary.org/obo/UBERON_0002454","TARA:hasRelatedArtery","","","","",""
"SI 5","SI 5","The posterior carpal artery. (Chinese acupuncture and moxibustion, 1999)","dorsal metacarpal artery","http://purl.obolibrary.org/obo/UBERON_0002454","TARA:hasRelatedArtery","","","","",""
"SI 6","SI 6","The terminal branches of the posterior interosseous artery and vein, the dorsal venous network of the wrist. (Chinese acupuncture and moxibustion, 1999)","POSTERIOR INTEROSSEOUS ARTERY","http://uri.interlex.org/base/ilx_0797510","TARA:hasRelatedArtery","","","","",""
"SI 6","","","POSTERIOR INTEROSSEOUS VEIN","http://uri.interlex.org/base/ilx_0797511","TARA:hasRelatedVein","","","","",""
"SI 7","SI 7","The terminal branches of the posterior interosseous artery and vein. (Chinese acupuncture and moxibustion, 1999)","POSTERIOR INTEROSSEOUS ARTERY","http://uri.interlex.org/base/ilx_0797510","TARA:hasRelatedArtery","","","","",""
"SI 7","","","POSTERIOR INTEROSSEOUS VEIN","http://uri.interlex.org/base/ilx_0797511","TARA:hasRelatedVein","","","","",""
"SI 8","SI 8","The superior and inferior ulnar collateral arteries and veins, the ulnar recurrent artery and vein. (Chinese acupuncture and moxibustion, 1999)","SUPERIOR ULNAR COLLATERAL ARTERY","http://uri.interlex.org/base/ilx_0797506","TARA:hasRelatedArtery","","","","",""
"SI 8","","","INFERIOR ULNAR COLLATERAL ARTERY","http://uri.interlex.org/base/ilx_0797509","TARA:hasRelatedArtery","","","","",""
"SI 8","","","SUPERIOR ULNAR COLLATERAL vein","http://uri.interlex.org/base/ilx_0797512","TARA:hasRelatedVein","","","","",""
"SI 8","","","INFERIOR ULNAR COLLATERAL vein","http://uri.interlex.org/base/ilx_0797513","TARA:hasRelatedVein","","","","",""
"SI 8","","","ULNAR RECURRENT ARTERY","http://uri.interlex.org/base/ilx_0797507","TARA:hasRelatedArtery","","","","",""
"SI 8","","","ULNAR RECURRENT vein","http://uri.interlex.org/base/ilx_0797508","TARA:hasRelatedVein","","","","",""
"SI 9","SI 9","The circumflex scapular artery and vein. (Chinese acupuncture and moxibustion, 1999)","CIRCUMFLEX SCAPULAR ARTERY","http://uri.interlex.org/base/ilx_0797514","TARA:hasRelatedArtery","","","","",""
"SI 9","","","CIRCUMFLEX SCAPULAR VEIN","http://uri.interlex.org/base/ilx_0797515","TARA:hasRelatedVein","","","","",""
"SI 10","SI 10","The posterior circumflex humeral artery and vein; deeper, the suprascapular artery and vein. (Chinese acupuncture and moxibustion, 1999)","POSTERIOR CIRCUMFLEX HUMERAL VEIN","http://purl.obolibrary.org/obo/UBERON_0006200","TARA:hasRelatedVein","","","","",""
"SI 10","","","POSTERIOR CIRCUMFLEX HUMERAL ARTERY","http://uri.interlex.org/base/ilx_0797496","TARA:hasRelatedArtery","","","","",""
"SI 10","","","SUPRASCAPULAR ARTERY","http://purl.obolibrary.org/obo/UBERON_0039847","TARA:hasRelatedArtery","","","","",""
"SI 10","","","SUPRASCAPULAR VEIN","http://purl.obolibrary.org/obo/UBERON_0039187","TARA:hasRelatedVein","","","","",""
"SI 11","SI 11","The muscular branches of the circumflex scapular artery and vein. (Chinese acupuncture and moxibustion, 1999)","CIRCUMFLEX SCAPULAR ARTERY","http://uri.interlex.org/base/ilx_0797514","TARA:hasRelatedArtery","","","","",""
"SI 11","","","CIRCUMFLEX SCAPULAR VEIN","http://uri.interlex.org/base/ilx_0797515","TARA:hasRelatedVein","","","","",""
"SI 12","SI 12","The suprascapular artery and vein. (Chinese acupuncture and moxibustion, 1999)","SUPRASCAPULAR ARTERY","http://purl.obolibrary.org/obo/UBERON_0039847","TARA:hasRelatedArtery","","","","",""
"SI 12","","","SUPRASCAPULAR VEIN","http://purl.obolibrary.org/obo/UBERON_0039187","TARA:hasRelatedVein","","","","",""
"SI 13","SI 13","Superficially, the descending branches of the transverse cervical artery and vein; deeper, the muscular branch of the suprascapular artery and vem. (Chinese acupuncture and moxibustion, 1999)","TRANSVERSE CERVICAL ARTERY","http://purl.obolibrary.org/obo/UBERON_0012324","TARA:hasRelatedArtery","","","","",""
"SI 13","","","TRANSVERSE CERVICAL VEIN","http://purl.obolibrary.org/obo/UBERON_8600075","TARA:hasRelatedVein","","","","",""
"SI 13","","","SUPRASCAPULAR ARTERY","http://purl.obolibrary.org/obo/UBERON_0039847","TARA:hasRelatedArtery","","","","",""
"SI 13","","","SUPRASCAPULAR VEIN","http://purl.obolibrary.org/obo/UBERON_0039187","TARA:hasRelatedVein","","","","",""
"SI 14","SI 14","Deeper, the transverse cervical artery and vein. (Chinese acupuncture and moxibustion, 1999)","TRANSVERSE CERVICAL ARTERY","http://purl.obolibrary.org/obo/UBERON_0012324","TARA:hasRelatedArtery","","","","",""
"SI 14","","","TRANSVERSE CERVICAL VEIN","http://purl.obolibrary.org/obo/UBERON_8600075","TARA:hasRelatedVein","","","","",""
"SI 15","SI 15","See lianwaishu (SI 14).","TRANSVERSE CERVICAL ARTERY","http://purl.obolibrary.org/obo/UBERON_0012324","TARA:hasRelatedArtery","","","","",""
"SI 15","","","TRANSVERSE CERVICAL VEIN","http://purl.obolibrary.org/obo/UBERON_8600075","TARA:hasRelatedVein","","","","",""
"SI 16","SI 16","The ascending cervical artery. (Chinese acupuncture and moxibustion, 1999)","ASCENDING CERVICAL ARTERY","http://purl.obolibrary.org/obo/UBERON_0012322","TARA:hasRelatedArtery","","","","",""
"SI 17","SI 17","Anteriorly, the external jugular vein; deeper, the internal carotid artery and internal jugular vein. (Chinese acupuncture and moxibustion, 1999)","EXTERNAL JUGULAR VEIN","http://purl.obolibrary.org/obo/UBERON_0001101","TARA:hasRelatedVein","","","","",""
"SI 17","","","INTERNAL CAROTID ARTERY","http://purl.obolibrary.org/obo/UBERON_0001532","TARA:hasRelatedArtery","","","","",""
"SI 17","","","INTERNAL JUGULAR VEIN","http://purl.obolibrary.org/obo/UBERON_0001586","TARA:hasRelatedVein","","","","",""
"SI 18","SI 18","The branches of the transverse facial artery and vein. (Chinese acupuncture and moxibustion, 1999)","TRANSVERSE FACIAL ARTERY","http://purl.obolibrary.org/obo/UBERON_0001615","TARA:hasRelatedArtery","","","","",""
"SI 18","","","TRANSVERSE FACIAL VEIN","http://purl.obolibrary.org/obo/UBERON_0001659","TARA:hasRelatedVein","","","","",""
"SI 19","SI 19","The auricular branches of the superficial temporal artery and vein (Chinese acupuncture and moxibustion, 1999)","SUPERFICIAL TEMPORAL ARTERY","http://purl.obolibrary.org/obo/UBERON_0001614","TARA:hasRelatedArtery","","","","",""
"SI 19","","","SUPERFICIAL TEMPORAL VEIN","http://purl.obolibrary.org/obo/UBERON_0001657","TARA:hasRelatedVein","","","","",""
"BL 1","BL 1","The angular artery and vein, deeper, superiorly, the ophthalmic artery and vein. (Chinese acupuncture and moxibustion, 1999)","","","TARA:hasRelatedVein","","","","",""
"BL 2","BL 2","The frontal artery and vein. (Chinese acupuncture and moxibustion, 1999)","","","TARA:hasRelatedVein","","","","",""
"BL 3","BL 3","See Zanzhu (BL 2). (Chinese acupuncture and moxibustion, 1999)","","","TARA:hasRelatedVein","","","","",""
"BL 4","BL 4","The frontal artery and vein. (Chinese acupuncture and moxibustion, 1999)","","","TARA:hasRelatedVein","","","","",""
"BL 5","BL 5","See Quchai (BL 4). (Chinese acupuncture and moxibustion, 1999)","","","TARA:hasRelatedVein","","","","",""
"BL 6","BL 6","The anastomotic network of the frontal artery and vein, the superficial temporal artery and vein, the occipital artery and vein. (Chinese acupuncture and moxibustion, 1999)","","","TARA:hasRelatedVein","","","","",""
"BL 7","BL 7","The superficial temporal artery and vein and the occipital artery and vein. (Chinese acupuncture and moxibustion, 1999)","","","TARA:hasRelatedVein","","","","",""
"BL 8","BL 8","The branches of the occipital artery and vein. (Chinese acupuncture and moxibustion, 1999)","","","TARA:hasRelatedVein","","","","",""
"BL 9","BL 9","The occipital artery and vein. (Chinese acupuncture and moxibustion, 1999)","","","TARA:hasRelatedVein","","","","",""
"BL 10","BL 10","The occipital artery and vein. (Chinese acupuncture and moxibustion, 1999)","","","TARA:hasRelatedVein","","","","",""
"BL 11","BL 11","The medial cutaneous branches of the posterior branches of the intercostal artery and vein. (Chinese acupuncture and moxibustion, 1999)","","","TARA:hasRelatedVein","","","","",""
"BL 12","BL 12","","","","TARA:hasRelatedVein","","","","",""
"BL 13","BL 13","The medial cutaneous branches of the posterior branches of the intercostal artery and vein. (Chinese acupuncture and moxibustion, 1999)","","","TARA:hasRelatedVein","","","","",""
"BL 14","BL 14","The medial cutaneous branches of the posterior branches of the intercostal artery and vein. (Chinese acupuncture and moxibustion, 1999)","","","TARA:hasRelatedVein","","","","",""
"BL 15","BL 15","The medial cutaneous branches of the posterior branches of the intercostal artery and vein. (Chinese acupuncture and moxibustion, 1999)","","","TARA:hasRelatedVein","","","","",""
"BL 16","BL 16","The medial branches of the posterior branches of the intercostal artery and vein, the descending branch of the transverse cervical artery.","","","TARA:hasRelatedVein","","","","",""
"BL 17","BL 17","The medial branches of the posterior branches of the intercostal artery and vein. (Chinese acupuncture and moxibustion, 1999)","","","TARA:hasRelatedVein","","","","",""
"BL 18","BL 18","The medial branches of the posterior branches of the intercostal artery and vein. (Chinese acupuncture and moxibustion, 1999)","","","TARA:hasRelatedVein","","","","",""
"BL 19","BL 19","The medial branches of the posterior branches of the intercostal artery and vein. (Chinese acupuncture and moxibustion, 1999)","","","TARA:hasRelatedVein","","","","",""
"BL 20","BL 20","The medial branches of the posterior branches of the intercostal artery and vein. (Chinese acupuncture and moxibustion, 1999)","","","TARA:hasRelatedVein","","","","",""
"BL 21","BL 21","The medial branches of the posterior branches of the subcostal artery and vein. (Chinese acupuncture and moxibustion, 1999)","","","TARA:hasRelatedVein","","","","",""
"BL 22","BL 22","The posterior branches of the first lumber artery and vein. (Chinese acupuncture and moxibustion, 1999)","","","TARA:hasRelatedVein","","","","",""
"BL 23","BL 23","The posterior branches of the second lumbar artery and vein. (Chinese acupuncture and moxibustion, 1999)","","","TARA:hasRelatedVein","","","","",""
"BL 24","BL 24","","","","TARA:hasRelatedVein","","","","",""
"BL 25","BL 25","The posterior branch of the fourth lumbar artery and vein. (Chinese acupuncture and moxibustion, 1999)","","","TARA:hasRelatedVein","","","","",""
"BL 26","BL 26","The posterior branches of the lowest lumbar artery and vein.","","","TARA:hasRelatedVein","","","","",""
"BL 27","BL 27","The posterior branches of the lateral sacral artery and vein.","","","TARA:hasRelatedVein","","","","",""
"BL 28","BL 28","The posterior branches of the lateral sacral artery and vein.","","","TARA:hasRelatedVein","","","","",""
"BL 29","BL 29","The posterior branches of the lateral sacral artery and vein, the branches of the inferior gluteal artery and vein. (Chinese acupuncture and moxibustion, 1999)","","","TARA:hasRelatedVein","","","","",""
"BL 30","BL 30","The inferior gluteal artery and vein; deeper, the internal pudendal artery and vein. (Chinese acupuncture and moxibustion, 1999)","","","TARA:hasRelatedVein","","","","",""
"BL 31","BL 31","The posterior branches of the lateral sacral artery and vein. (Chinese acupuncture and moxibustion, 1999)","","","TARA:hasRelatedVein","","","","",""
"BL 32","BL 32","The posterior branches of the lateral sacral artery and vein. (Chinese acupuncture and moxibustion, 1999)","","","TARA:hasRelatedVein","","","","",""
"BL 33","BL 33","The posterior branches of the lateral sacral artery and vein. (Chinese acupuncture and moxibustion, 1999)","","","TARA:hasRelatedVein","","","","",""
"BL 34","BL 34","The branches of the inferior gluteal artery and vein. (Chinese acupuncture and moxibustion, 1999)","","","TARA:hasRelatedVein","","","","",""
"BL 35","BL 35","The branches of the inferior gluteal artery and vein. (Chinese acupuncture and moxibustion, 1999)","","","TARA:hasRelatedVein","","","","",""
"BL 36","BL 36","The artery and vein running alongside the sciatic nerve. (Chinese acupuncture and moxibustion, 1999)","","","TARA:hasRelatedVein","","","","",""
"BL 37","BL 37","Laterally, the third perforating branches of the deep femoral artery and vein. (Chinese acupuncture and moxibustion, 1999)","","","TARA:hasRelatedVein","","","","",""
"BL 38","BL 38","The superolateral genicular artery and vein. (Chinese acupuncture and moxibustion, 1999)","","","TARA:hasRelatedVein","","","","",""
"BL 39","BL 39","See Fuxi (BL 38) (Chinese acupuncture and moxibustion, 1999)","","","TARA:hasRelatedVein","","","","",""
"BL 40","BL 40","Superficially, the femoro-popliteal vein; deeper and medially, the popliteal vein; deepest, the popliteal artery. (Chinese acupuncture and moxibustion, 1999)","","","TARA:hasRelatedVein","","","","",""
"BL 41","BL 41","The descending branch of the transverse cervical artery, the posterior branches of the intercostal artery and vein. (Chinese acupuncture and moxibustion, 1999)","","","TARA:hasRelatedVein","","","","",""
"BL 42","BL 42","The posterior branch of the intercostal artery, the descending branch of the transverse cervical artery. (Chinese acupuncture and moxibustion, 1999)","","","TARA:hasRelatedVein","","","","",""
"BL 43","BL 43","The posterior branch of the intercostal artery and the descending branch of the transverse cervical artery. (Chinese acupuncture and moxibustion, 1999)","","","TARA:hasRelatedVein","","","","",""
"BL 44","BL 44","The posterior branches of the intercostal artery and vein, the descending branch of the transverse cervical artery. (Chinese acupuncture and moxibustion, 1999)","","","TARA:hasRelatedVein","","","","",""
"BL 45","BL 45","The posterior branches of the intercostal artery and vein. (Chinese acupuncture and moxibustion, 1999)","","","TARA:hasRelatedVein","","","","",""
"BL 46","BL 46","The posterior branches of the intercostal artery and vein. (Chinese acupuncture and moxibustion, 1999)","","","TARA:hasRelatedVein","","","","",""
"BL 47","BL 47","The posterior branches of the intercostal artery and vein. Innervation: The lateral cutaneous branches of the posterior rami of the seventh and eighth thoracic nerves. (Chinese acupuncture and moxibustion, 1999)","","","TARA:hasRelatedVein","","","","",""
"BL 48","BL 48","The posterior branches of the intercostal artery and vein. Innervation: The lateral cutaneous branches of the posterior rami of the eighth and ninth thoracic nerves. (Chinese acupuncture and moxibustion, 1999)","","","TARA:hasRelatedVein","","","","",""
"BL 49","BL 49","The posterior branches of the intercostal artery and vein. (Chinese acupuncture and moxibustion, 1999)","","","TARA:hasRelatedVein","","","","",""
"BL 50","BL 50","The posterior branches of the subcostal artery and vein. (Chinese acupuncture and moxibustion, 1999)","","","TARA:hasRelatedVein","","","","",""
"BL 51","BL 51","The posterior branches of the first lumbar artery and vein. (Chinese acupuncture and moxibustion, 1999)","","","TARA:hasRelatedVein","","","","",""
"BL 52","BL 52","The posterior branches of the second lumbar artery and vein. (Chinese acupuncture and moxibustion, 1999)","","","TARA:hasRelatedVein","","","","",""
"BL 53","BL 53","The superior gluteal artery and vein. (Chinese acupuncture and moxibustion, 1999)","","","TARA:hasRelatedVein","","","","",""
"BL 54","BL 54","The inferior gluteal artery and vein. (Chinese acupuncture and moxibustion, 1999)","","","TARA:hasRelatedVein","","","","",""
"BL 55","BL 55","The small saphenous vein; deeper, the popliteal artery and vem. (Chinese acupuncture and moxibustion, 1999)","","","TARA:hasRelatedVein","","","","",""
"BL 56","BL 56","The small saphenous vein; deeper, the posterior tibial artery and vein. (Chinese acupuncture and moxibustion, 1999)","","","TARA:hasRelatedVein","","","","",""
"BL 57","BL 57","See Chengjin (BL 56). (Chinese acupuncture and moxibustion, 1999)","","","TARA:hasRelatedVein","","","","",""
"BL 58","BL 58","","","","TARA:hasRelatedVein","","","","",""
"BL 59","BL 59","The small saphenous vein; deeper, the terminal branch of the peroneal artery. (Chinese acupuncture and moxibustion, 1999)","","","TARA:hasRelatedVein","","","","",""
"BL 60","BL 60","The small saphenous vein, the posteroexternal malleolar artery and vein. (Chinese acupuncture and moxibustion, 1999)","","","TARA:hasRelatedVein","","","","",""
"BL 61","BL 61","The external calcaneal branches of the peroneal artery and vein. (Chinese acupuncture and moxibustion, 1999)","","","TARA:hasRelatedVein","","","","",""
"BL 62","BL 62","The external malleolar arterial network. (Chinese acupuncture and moxibustion, 1999)","","","TARA:hasRelatedVein","","","","",""
"BL 63","BL 63","The lateral plantar artery and vein. (Chinese acupuncture and moxibustion, 1999)","","","TARA:hasRelatedVein","","","","",""
"BL 64","BL 64","See Jinmen (BL 63). (Chinese acupuncture and moxibustion, 1999)","","","TARA:hasRelatedVein","","","","",""
"BL 65","BL 65","The fourth common plantar digital artery and vein. (Chinese acupuncture and moxibustion, 1999)","","","TARA:hasRelatedVein","","","","",""
"BL 66","BL 66","","","","TARA:hasRelatedVein","","","","",""
"BL 67","BL 67","The network formed by the dorsal digital artery and plantar digital proprial artery. (Chinese acupuncture and moxibustion, 1999)","","","TARA:hasRelatedVein","","","","",""
"","","","","","TARA:hasRelatedVein","","","","",""
"KI 1","KI 1","Deeper, the plantar arterial arch. (Chinese acupuncture and moxibustion, 1999)","","","TARA:hasRelatedVein","","","","",""
"KI 2","KI 2","The branches of the medial plantar and medial tarsal arteries. (Chinese acupuncture and moxibustion, 1999)","","","TARA:hasRelatedVein","","","","",""
"KI 3","KI 3","Anteriorly, the posterior tibial artery and vein. (Chinese acupuncture and moxibustion, 1999)","","","TARA:hasRelatedVein","","","","",""
"KI 4","KI 4","The medial calcaneal branch of the posterior tibial artery. (Chinese acupuncture and moxibustion, 1999)","","","TARA:hasRelatedVein","","","","",""
"KI 5","KI 5","See Dazhong (KI 4). (Chinese acupuncture and moxibustion, 1999)","","","TARA:hasRelatedVein","","","","",""
"KI 6","KI 6","Posteriorly, the posterior tibial artery and vein. (Chinese acupuncture and moxibustion, 1999)","","","TARA:hasRelatedVein","","","","",""
"KI 7","KI 7","Deeper, anteriorly, the posterior tibial artery and vein. (Chinese acupuncture and moxibustion, 1999)","","","TARA:hasRelatedVein","","","","",""
"KI 8","KI 8","Deeper, the posterior tibial artery and vein. (Chinese acupuncture and moxibustion, 1999)","","","TARA:hasRelatedVein","","","","",""
"KI 9","KI 9","Deeper, the posterior tibial artery and vein. (Chinese acupuncture and moxibustion, 1999)","","","TARA:hasRelatedVein","","","","",""
"KI 10","KI 10","The medial superior genicular artery and vein. (Chinese acupuncture and moxibustion, 1999)","","","TARA:hasRelatedVein","","","","",""
"KI 11","KI 11","The inferior epigastric artery and external pudendal artery. (Chinese acupuncture and moxibustion, 1999)","","","TARA:hasRelatedVein","","","","",""
"KI 12","KI 12","The muscular branches of the inferior epigastric artery and vein. (Chinese acupuncture and moxibustion, 1999)","","","TARA:hasRelatedVein","","","","",""
"KI 13","KI 13","See Dahe (KI 12). (Chinese acupuncture and moxibustion, 1999)","","","TARA:hasRelatedVein","","","","",""
"KI 14","KI 14","See Dahe (KI 12) (Chinese acupuncture and moxibustion, 1999)","","","TARA:hasRelatedVein","","","","",""
"KI 15","KI 15","see Oahe (KI 12). (Chinese acupuncture and moxibustion, 1999)","","","TARA:hasRelatedVein","","","","",""
"KI 16","KI 16","","","","TARA:hasRelatedVein","","","","",""
"KI 17","KI 17","The branches of the superior and inferior epigastric arteries and vems. (Chinese acupuncture and moxibustion, 1999)","","","TARA:hasRelatedVein","","","","",""
"KI 18","KI 18","The branches of the superior epigastric artery and vein. (Chinese acupuncture and moxibustion, 1999)","","","TARA:hasRelatedVein","","","","",""
"KI 19","KI 19","See Shiguan (KI 18). (Chinese acupuncture and moxibustion, 1999)","","","TARA:hasRelatedVein","","","","",""
"KI 20","KI 20","See Shlguan (KI 18). (Chinese acupuncture and moxibustion, 1999)","","","TARA:hasRelatedVein","","","","",""
"KI 21","KI 21","See Shiguan (KI 18). (Chinese acupuncture and moxibustion, 1999)","","","TARA:hasRelatedVein","","","","",""
"KI 22","KI 22","The fifth intercostal artery and vein. (Chinese acupuncture and moxibustion, 1999)","","","TARA:hasRelatedVein","","","","",""
"KI 23","KI 23","The fourth intercostal artery and vein. (Chinese acupuncture and moxibustion, 1999)","","","TARA:hasRelatedVein","","","","",""
"KI 24","KI 24","The third intercostal artery and vein. (Chinese acupuncture and moxibustion, 1999)","","","TARA:hasRelatedVein","","","","",""
"KI 25","KI 25","The second intercostal artery and vein. (Chinese acupuncture and moxibustion, 1999)","","","TARA:hasRelatedVein","","","","",""
"KI 26","KI 26","The first intercostal artery and vein. (Chinese acupuncture and moxibustion, 1999)","","","TARA:hasRelatedVein","","","","",""
"KI 27","KI 27","The anterior perforating branches of the internal mammary artery and vein. (Chinese acupuncture and moxibustion, 1999)","","","TARA:hasRelatedVein","","","","",""
"","","","","","TARA:hasRelatedVein","","","","",""
"PC 1","PC 1","The thoracoepigastric vein, the branches of the lateral thoracic artery and vein. (Chinese acupuncture and moxibustion, 1999)","","","TARA:hasRelatedVein","","","","",""
"PC 2","PC 2","The muscular branches of the brachial artery and vein. (Chinese acupuncture and moxibustion, 1999)","","","TARA:hasRelatedVein","","","","",""
"PC 3","PC 3","On the pathway of the brachial artery and vein. (Chinese acupuncture and moxibustion, 1999)","","","TARA:hasRelatedVein","","","","",""
"PC 4","PC 4","The median artery and vein; deeper, the anterior interosseous artery and vein. (Chinese acupuncture and moxibustion, 1999)","","","TARA:hasRelatedVein","","","","",""
"PC 5","PC 5","The median artery and vein; deeper, the anterior interosseous artery and vein. (Chinese acupuncture and moxibustion, 1999)","","","TARA:hasRelatedVein","","","","",""
"PC 6","PC 6","","","","TARA:hasRelatedVein","","","","",""
"PC 7","PC 7","The palmar arterial and venous network of the wrist. (Chinese acupuncture and moxibustion, 1999)","","","TARA:hasRelatedVein","","","","",""
"PC 8","PC 8","The Common palmar digital artery. (Chinese acupuncture and moxibustion, 1999)","","","TARA:hasRelatedVein","","","","",""
"PC 9","PC 9","The arterial and venous network formed by the palmar digital proprial artery and vein. (Chinese acupuncture and moxibustion, 1999)","","","TARA:hasRelatedVein","","","","",""
"","","","","","TARA:hasRelatedVein","","","","",""
"TE 1","TE 1","The arterial and venous network formed by the palmar digital proprial artery and vein. (Chinese acupuncture and moxibustion, 1999)","","","TARA:hasRelatedVein","","","","",""
"TE 2","TE 2","The dorsal digital artery of the ulnar artery. (Chinese acupuncture and moxibustion, 1999)","","","TARA:hasRelatedVein","","","","",""
"TE 3","TE 3","The dorsal venous network of hand and the fourth dorsal metacarpal artery. (Chinese acupuncture and moxibustion, 1999)","","","TARA:hasRelatedVein","","","","",""
"TE 4","TE 4","The dorsal venous network of the wrist and the posterior carpal artery. (Chinese acupuncture and moxibustion, 1999)","","","TARA:hasRelatedVein","","","","",""
"TE 5","TE 5","Deeper, the posterior and anterior antebrachial interosseous arteries and veins. (Chinese acupuncture and moxibustion, 1999)","","","TARA:hasRelatedVein","","","","",""
"TE 6","TE 6","See Waiguan (TE 5). (Chinese acupuncture and moxibustion, 1999)","","","TARA:hasRelatedVein","","","","",""
"TE 7","TE 7","The posterior antebrachial interosseous artery and vein. (Chinese acupuncture and moxibustion, 1999)","","","TARA:hasRelatedVein","","","","",""
"TE 8","TE 8","See Huizong (TE 7). (Chinese acupuncture and moxibustion, 1999)","","","TARA:hasRelatedVein","","","","",""
"TE 9","TE 9","See Huizong (TE 7). (Chinese acupuncture and moxibustion, 1999)","","","TARA:hasRelatedVein","","","","",""
"TE 10","TE 10","The arterial and venous network of the elbow. (Chinese acupuncture and moxibustion, 1999)","","","TARA:hasRelatedVein","","","","",""
"TE 11","TE 11","The terminal branches of the median collateral artery and vein.","","","TARA:hasRelatedVein","","","","",""
"TE 12","TE 12","The median collateral artery and vein. (Chinese acupuncture and moxibustion, 1999)","","","TARA:hasRelatedVein","","","","",""
"TE 13","TE 13","The median collateral artery and vein. (Chinese acupuncture and moxibustion, 1999)","","","TARA:hasRelatedVein","","","","",""
"TE 14","TE 14","The muscular branch of the posterior circumflex humeral artery. (Chinese acupuncture and moxibustion, 1999)","","","TARA:hasRelatedVein","","","","",""
"TE 15","TE 15","The descending branch of the transverse cervical artery; deeper, the muscular branch of the suprascapular artery. (Chinese acupuncture and moxibustion, 1999)","","","TARA:hasRelatedVein","","","","",""
"TE 16","TE 16","The posterior auricular artery. (Chinese acupuncture and moxibustion, 1999)","","","TARA:hasRelatedVein","","","","",""
"TE 17","TE 17","The posterior auricular artery and vein, the external jugular vein. (Chinese acupuncture and moxibustion, 1999)","","","TARA:hasRelatedVein","","","","",""
"TE 18","TE 18","The posterior auricular artery and vein. (Chinese acupuncture and moxibustion, 1999)","","","TARA:hasRelatedVein","","","","",""
"TE 19","TE 19","The posterior auricular artery and vein. (Chinese acupuncture and moxibustion, 1999)","","","TARA:hasRelatedVein","","","","",""
"TE 20","TE 20","The branches of the superficial temporal artery and vein. Innervation: The branches of the auriculotemporal nerve. (Chinese acupuncture and moxibustion, 1999)","","","TARA:hasRelatedVein","","","","",""
"TE 21","TE 21","The superficial temporal artery and vein. (Chinese acupuncture and moxibustion, 1999)","","","TARA:hasRelatedVein","","","","",""
"TE 22","TE 22","The superficial temporal artery and vein. (Chinese acupuncture and moxibustion, 1999)","","","TARA:hasRelatedVein","","","","",""
"TE 23","TE 23","The frontal branches of the superficial temporal artery and vein. (Chinese acupuncture and moxibustion, 1999)","","","TARA:hasRelatedVein","","","","",""
"","","","","","TARA:hasRelatedVein","","","","",""
"GB 1","GB 1","The zygomaticoorbital artery and vein. (Chinese acupuncture and moxibustion, 1999)","","","TARA:hasRelatedVein","","","","",""
"GB 2","GB 2","The superficial temporal artery. (Chinese acupuncture and moxibustion, 1999)","","","TARA:hasRelatedVein","","","","",""
"GB 3","GB 3","The zygomaticoorbital artery and vein. (Chinese acupuncture and moxibustion, 1999)","","","TARA:hasRelatedVein","","","","",""
"GB 4","GB 4","The parietal branches of the superficial temporal artery and vein. (Chinese acupuncture and moxibustion, 1999)","","","TARA:hasRelatedVein","","","","",""
"GB 5","GB 5","See Hanyan (GB 4). (Chinese acupuncture and moxibustion, 1999)","","","TARA:hasRelatedVein","","","","",""
"GB 6","GB 6","See Hanyan (GB 4). (Chinese acupuncture and moxibustion, 1999)","","","TARA:hasRelatedVein","","","","",""
"GB 7","GB 7","See Hanyan (GB 4). (Chinese acupuncture and moxibustion, 1999)","","","TARA:hasRelatedVein","","","","",""
"GB 8","GB 8","The parietal branches of the superficial temporal artery and vein. (Chinese acupuncture and moxibustion, 1999)","","","TARA:hasRelatedVein","","","","",""
"GB 9","GB 9","The posterior auricular artery and vein. (Chinese acupuncture and moxibustion, 1999)","","","TARA:hasRelatedVein","","","","",""
"GB 10","GB 10","See Tianchong (GB 9) (Chinese acupuncture and moxibustion, 1999)","","","TARA:hasRelatedVein","","","","",""
"GB 11","GB 11","The branches of the posterior auricular artery and vein. (Chinese acupuncture and moxibustion, 1999)","","","TARA:hasRelatedVein","","","","",""
"GB 12","GB 12","The posterior auricular artery and vein. (Chinese acupuncture and moxibustion, 1999)","","","TARA:hasRelatedVein","","","","",""
"GB 13","GB 13","The frontal branches of the superficial temporal artery and vein, and the lateral branches of the frontal artery and vein. (Chinese acupuncture and moxibustion, 1999)","","","TARA:hasRelatedVein","","","","",""
"GB 14","GB 14","The lateral branches of the frontal artery and vein. (Chinese acupuncture and moxibustion, 1999)","","","TARA:hasRelatedVein","","","","",""
"GB 15","GB 15","The frontal artery and vein. (Chinese acupuncture and moxibustion, 1999)","","","TARA:hasRelatedVein","","","","",""
"GB 16","GB 16","The frontal branches of the superficial temporal artery and vein. (Chinese acupuncture and moxibustion, 1999)","","","TARA:hasRelatedVein","","","","",""
"GB 17","GB 17","The anastomotic plexus formed by the parietal branches of the superficial temporal artery and vein and the occipital artery and vein. (Chinese acupuncture and moxibustion, 1999)","","","TARA:hasRelatedVein","","","","",""
"GB 18","GB 18","The branches of the occipital artery and vein.","","","TARA:hasRelatedVein","","","","",""
"GB 19","GB 19","See Chengling (GB 18). (Chinese acupuncture and moxibustion, 1999)","","","TARA:hasRelatedVein","","","","",""
"GB 20","GB 20","The branches of the occipital artery and vein. (Chinese acupuncture and moxibustion, 1999)","","","TARA:hasRelatedVein","","","","",""
"GB 21","GB 21","The transverse cervical artery and vein. (Chinese acupuncture and moxibustion, 1999)","","","TARA:hasRelatedVein","","","","",""
"GB 22","GB 22","The thoracoepigastric vein, the lateral thoracic artery and vein, the fifth intercostal artery and vein. (Chinese acupuncture and moxibustion, 1999)","","","TARA:hasRelatedVein","","","","",""
"GB 23","GB 23","The lateral thoracic artery and vein, the fifth intercostal artery and vein. (Chinese acupuncture and moxibustion, 1999)","","","TARA:hasRelatedVein","","","","",""
"GB 24","GB 24","The seventh intercostal artery and vein. (Chinese acupuncture and moxibustion, 1999)","","","TARA:hasRelatedVein","","","","",""
"GB 24 M","GB 24 (Male)","The seventh intercostal artery and vein. (Chinese acupuncture and moxibustion, 1999)","","","TARA:hasRelatedVein","","","","",""
"GB 24 F","GB 24 (Female)","The seventh intercostal artery and vein. (Chinese acupuncture and moxibustion, 1999)","","","TARA:hasRelatedVein","","","","",""
"GB 25","GB 25","","","","TARA:hasRelatedVein","","","","",""
"GB 26","GB 26","The subcostal artery and vem. (Chinese acupuncture and moxibustion, 1999)","","","TARA:hasRelatedVein","","","","",""
"GB 27","GB 27","The superficial and deep circumflex iliac arteries and veins. (Chinese acupuncture and moxibustion, 1999)","","","TARA:hasRelatedVein","","","","",""
"GB 28","GB 28","The superficial and deep circumflex iliac arteries and veins. (Chinese acupuncture and moxibustion, 1999)","","","TARA:hasRelatedVein","","","","",""
"GB 29","GB 29","The branches of the superficial circumflex iliac artery and vein, the ascending branches of the lateral circumflex femoral artery and vein. (Chinese acupuncture and moxibustion, 1999)","","","TARA:hasRelatedVein","","","","",""
"GB 30","GB 30","Medially, the inferior gluteal artery and vein. (Chinese acupuncture and moxibustion, 1999)","","","TARA:hasRelatedVein","","","","",""
"GB 31","GB 31","The muscular branches of the lateral circumflex femoral artery and vein. (Chinese acupuncture and moxibustion, 1999)","","","TARA:hasRelatedVein","","","","",""
"GB 32","GB 32","See Fengshi (GB 31). (Chinese acupuncture and moxibustion, 1999)","","","TARA:hasRelatedVein","","","","",""
"GB 33","GB 33","The superior lateral genicular artery and vein. (Chinese acupuncture and moxibustion, 1999)","","","TARA:hasRelatedVein","","","","",""
"GB 34","GB 34","The inferior lateral genicular artery and vein.","","","TARA:hasRelatedVein","","","","",""
"GB 35","GB 35","The branches of the peroneal artery and vein. (Chinese acupuncture and moxibustion, 1999)","","","TARA:hasRelatedVein","","","","",""
"GB 36","GB 36","The branches of the anterior tibial artery and vein. (Chinese acupuncture and moxibustion, 1999)","","","TARA:hasRelatedVein","","","","",""
"GB 37","GB 37","The branches of the anterior tibial artery and vein. (Chinese acupuncture and moxibustion, 1999)","","","TARA:hasRelatedVein","","","","",""
"GB 38","GB 38","See Guangming (GB 37). (Chinese acupuncture and moxibustion, 1999)","","","TARA:hasRelatedVein","","","","",""
"GB 39","GB 39","See Guangming (GB 37). (Chinese acupuncture and moxibustion, 1999)","","","TARA:hasRelatedVein","","","","",""
"GB 40","GB 40","The branch of the anterolateral malleolar artery. (Chinese acupuncture and moxibustion, 1999)","","","TARA:hasRelatedVein","","","","",""
"GB 41","GB 41","The dorsal arterial and venous network of foot, the fourth dorsal metatarsal artery and vein. (Chinese acupuncture and moxibustion, 1999)","","","TARA:hasRelatedVein","","","","",""
"GB 42","GB 42","See Foot-Linqi (GB 41). (Chinese acupuncture and moxibustion, 1999)","","","TARA:hasRelatedVein","","","","",""
"GB 43","GB 43","The dorsal digital artery and vein. (Chinese acupuncture and moxibustion, 1999)","","","TARA:hasRelatedVein","","","","",""
"GB 44","GB 44","The arterial and venous network formed by the dorsal digital artery and vein and plantar digital artery and vein. (Chinese acupuncture and moxibustion, 1999)","","","TARA:hasRelatedVein","","","","",""
"","","","","","TARA:hasRelatedVein","","","","",""
"LR 1","LR 1","The dorsal digital artery and vein. (Chinese acupuncture and moxibustion, 1999)","","","TARA:hasRelatedVein","","","","",""
"LR 2","LR 2","The dorsal venous network of the foot and the first dorsal digital artery and vein. (Chinese acupuncture and moxibustion, 1999)","","","TARA:hasRelatedVein","","","","",""
"LR 3","LR 3","The dorsal venous network of the foot, the first dorsal metatarsal artery. (Chinese acupuncture and moxibustion, 1999)","","","TARA:hasRelatedVein","","","","",""
"LR 4","LR 4","The dorsal venous ne work of the foot and the anterior medial malleolar artery. (Chinese acupuncture and moxibustion, 1999)","","","TARA:hasRelatedVein","","","","",""
"LR 5","LR 5","Posteriorly, the great saphenous vein. (Chinese acupuncture and moxibustion, 1999)","","","TARA:hasRelatedVein","","","","",""
"LR 6","LR 6","The great saphenous vem. (Chinese acupuncture and moxibustion, 1999)","","","TARA:hasRelatedVein","","","","",""
"LR 7","LR 7","Deeper, the posterior tibial artery.","","","TARA:hasRelatedVein","","","","",""
"LR 8","LR 8","Anteriorly, the great saphenous vein, on the pathway of the genu su prema artery. (Chinese acupuncture and moxibustion, 1999)","","","TARA:hasRelatedVein","","","","",""
"LR 9","LR 9","Deeper, on the lateral side, the femoral artery and vein, the superficial branch of the medial circumflex femoral artery. (Chinese acupuncture and moxibustion, 1999)","","","TARA:hasRelatedVein","","","","",""
"LR 10","LR 10","The superficial branches of the medial circumflex femoral artery and vein. (Chinese acupuncture and moxibustion, 1999)","","","TARA:hasRelatedVein","","","","",""
"LR 11","LR 11","The branches of the medial circumflex femoral artery and vein. (Chinese acupuncture and moxibustion, 1999)","","","TARA:hasRelatedVein","","","","",""
"LR 12","LR 12","The branches of the external pudendal artery and vein, the pubic branches of the inferior epigastric artery and vein; laterally, the femoral veIn. (Chinese acupuncture and moxibustion, 1999)","","","TARA:hasRelatedVein","","","","",""
"LR 13","LR 13","The terminal branch of the tenth intercostal artery. (Chinese acupuncture and moxibustion, 1999)","","","TARA:hasRelatedVein","","","","",""
"LR 14","LR 14","The sixth intercostal artery and vein. (Chinese acupuncture and moxibustion, 1999)","","","TARA:hasRelatedVein","","","","",""
"LR 14 M","LR 14 (Male)","The sixth intercostal artery and vein. (Chinese acupuncture and moxibustion, 1999)","","","TARA:hasRelatedVein","","","","",""
"LR 14 F","LR 14 (Female)","The sixth intercostal artery and vein. (Chinese acupuncture and moxibustion, 1999)","","","TARA:hasRelatedVein","","","","",""
"","","","","","TARA:hasRelatedVein","","","","",""
"Du 1","GV 1","The branches of the inferior hemorrhoid artery and vein. (Chinese acupuncture and moxibustion, 1999)","","","TARA:hasRelatedVein","","","","",""
"Du 2","GV 2","The branches of the median sacral artery and vein. (Chinese acupuncture and moxibustion, 1999)","","","TARA:hasRelatedVein","","","","",""
"Du 3","GV 3","The posterior branch of the lumbar artery.","","","TARA:hasRelatedVein","","","","",""
"Du 4","GV 4","See Yaoyangguan (GY 3). (Chinese acupuncture and moxibustion, 1999)","","","TARA:hasRelatedVein","","","","",""
"Du 5","GV 5","See Yaoyangguan (GY 3). (Chinese acupuncture and moxibustion, 1999)","","","TARA:hasRelatedVein","","","","",""
"Du 6","GV 6","The posterior branch of the eleventh intercostal artery. (Chinese acupuncture and moxibustion, 1999)","","","TARA:hasRelatedVein","","","","",""
"Du 7","GV 7","The posterior branch of the tenth intercostal artery. (Chinese acupuncture and moxibustion, 1999)","","","TARA:hasRelatedVein","","","","",""
"Du 8","GV 8","The posterior branch of the ninth intercostal artery. (Chinese acupuncture and moxibustion, 1999)","","","TARA:hasRelatedVein","","","","",""
"Du 9","GV 9","The posterior branch of the seventh intercostal artery. (Chinese acupuncture and moxibustion, 1999)","","","TARA:hasRelatedVein","","","","",""
"Du 10","GV 10","The posterior branch of the sixth intercostal artery. (Chinese acupuncture and moxibustion, 1999)","","","TARA:hasRelatedVein","","","","",""
"Du 11","GV 11","The posterior branch of the' fifth intercostal artery. (Chinese acupuncture and moxibustion, 1999)","","","TARA:hasRelatedVein","","","","",""
"Du 12","GV 12","The posterior branch of the third intercostal artery. (Chinese acupuncture and moxibustion, 1999)","","","TARA:hasRelatedVein","","","","",""
"Du 13","GV 13","The posterior branch of the first intercostal artery. (Chinese acupuncture and moxibustion, 1999)","","","TARA:hasRelatedVein","","","","",""
"Du 14","GV 14","The branch of the transverse cervical artery. (Chinese acupuncture and moxibustion, 1999)","","","TARA:hasRelatedVein","","","","",""
"Du 15","GV 15","The branches of the occipital artery and vein. (Chinese acupuncture and moxibustion, 1999)","","","TARA:hasRelatedVein","","","","",""
"Du 16","GV 16","","","","TARA:hasRelatedVein","","","","",""
"Du 17","GV 17","The branches of the occipital arteries and veins of the both sides. (Chinese acupuncture and moxibustion, 1999)","","","TARA:hasRelatedVein","","","","",""
"Du 18","GV 18","See Naohu (GV 17). (Chinese acupuncture and moxibustion, 1999)","","","TARA:hasRelatedVein","","","","",""
"Du 19","GV 19","See Naohu (GV 17). (Chinese acupuncture and moxibustion, 1999)","","","TARA:hasRelatedVein","","","","",""
"Du 20","GV 20","The anastomotic network formed by the superficial temporal arteries and veins and the occipital arteries and veins on both sides. (Chinese acupuncture and moxibustion, 1999)","","","TARA:hasRelatedVein","","","","",""
"Du 21","GV 21","The anastomotic network formed by the right and left superficial temporal arteries and veins. (Chinese acupuncture and moxibustion, 1999)","","","TARA:hasRelatedVein","","","","",""
"Du 22","GV 22","The anastomotic network formed by the right and left superficial tempor-al artery and vein and the frontal artery and vein. (Chinese acupuncture and moxibustion, 1999)","","","TARA:hasRelatedVein","","","","",""
"Du 23","GV 23","The branches of the frontal artery and vein, and the branches of the superficial temporal artery and vein. (Chinese acupuncture and moxibustion, 1999)","","","TARA:hasRelatedVein","","","","",""
"Du 24","GV 24","The branch of the frontal artery and vein. (Chinese acupuncture and moxibustion, 1999)","","","TARA:hasRelatedVein","","","","",""
"Du 25","GV 25","The lateral nasal branches of the facial artery and vein. (Chinese acupuncture and moxibustion, 1999)","","","TARA:hasRelatedVein","","","","",""
"Du 26","GV 26","The superior labial artery and vein.","","","TARA:hasRelatedVein","","","","",""
"Du 27","GV 27","The superior labial artery and vein. (Chinese acupuncture and moxibustion, 1999)","","","TARA:hasRelatedVein","","","","",""
"Du 28","GV 28","The superior labial artery and vein. (Chinese acupuncture and moxibustion, 1999)","","","TARA:hasRelatedVein","","","","",""
"","","","","","TARA:hasRelatedVein","","","","",""
"RN 1","CV 1","The branches of the perineal artery and vein. (Chinese acupuncture and moxibustion, 1999)","","","TARA:hasRelatedVein","","","","",""
"RN 1 M","CV 1 (Male)","The branches of the perineal artery and vein. (Chinese acupuncture and moxibustion, 1999)","","","TARA:hasRelatedVein","","","","",""
"RN 1 F","CV 1 (Female)","The branches of the perineal artery and vein. (Chinese acupuncture and moxibustion, 1999)","","","TARA:hasRelatedVein","","","","",""
"RN 2","CV 2","The branches of the inferior epigastric artery and the obturator artery. (Chinese acupuncture and moxibustion, 1999)","","","TARA:hasRelatedVein","","","","",""
"RN 3","CV 3","The branches of superficial epigastric artery and vein, and the branches of inferior epigastric artery and vein. (Chinese acupuncture and moxibustion, 1999)","","","TARA:hasRelatedVein","","","","",""
"RN 4","CV 4","See Zhongji (CV 3). (Chinese acupuncture and moxibustion, 1999)","","","TARA:hasRelatedVein","","","","",""
"RN 5","CV 5","See Zhongji (CV 3). (Chinese acupuncture and moxibustion, 1999)","","","TARA:hasRelatedVein","","","","",""
"RN 6","CV 6","See Shimen (CV 5). (Chinese acupuncture and moxibustion, 1999)","","","TARA:hasRelatedVein","","","","",""
"RN 7","CV 7","","","","TARA:hasRelatedVein","","","","",""
"RN 8","CV 8","The inferior epigastric artery and vein. (Chinese acupuncture and moxibustion, 1999)","","","TARA:hasRelatedVein","","","","",""
"RN 9","CV 9","","","","TARA:hasRelatedVein","","","","",""
"RN 10","CV 10","See Shenque (CV 8). (Chinese acupuncture and moxibustion, 1999)","","","TARA:hasRelatedVein","","","","",""
"RN 11","CV 11","The branches of the superior and inferior epigastric arteries. (Chinese acupuncture and moxibustion, 1999)","","","TARA:hasRelatedVein","","","","",""
"RN 12","CV 12","The superior epigastric artery and vein. (Chinese acupuncture and moxibustion, 1999)","","","TARA:hasRelatedVein","","","","",""
"RN 13","CV 13","See Zhongwan (CV 12). (Chinese acupuncture and moxibustion, 1999)","","","TARA:hasRelatedVein","","","","",""
"RN 14","CV 14","See Zhongwan (CV 12). (Chinese acupuncture and moxibustion, 1999)","","","TARA:hasRelatedVein","","","","",""
"RN 15","CV 15","See Zhongwan (CV 12). (Chinese acupuncture and moxibustion, 1999)","","","TARA:hasRelatedVein","","","","",""
"RN 16","CV 16","The anterior perforating branches of the internal mammary artery and vein. (Chinese acupuncture and moxibustion, 1999)","","","TARA:hasRelatedVein","","","","",""
"RN 17","CV 17","See Zhongting (CV 16). (Chinese acupuncture and moxibustion, 1999)","","","TARA:hasRelatedVein","","","","",""
"RN 18","CV 18","See Zhongting (CV 16). (Chinese acupuncture and moxibustion, 1999)","","","TARA:hasRelatedVein","","","","",""
"RN 19","CV 19","See Zhongting (CV 16). (Chinese acupuncture and moxibustion, 1999)","","","TARA:hasRelatedVein","","","","",""
"RN 20","CV 20","See Zhongting (CV 16). (Chinese acupuncture and moxibustion, 1999)","","","TARA:hasRelatedVein","","","","",""
"RN 21","CV 21","See Zhongting (CV 16). (Chinese acupuncture and moxibustion, 1999)","","","TARA:hasRelatedVein","","","","",""
"RN 22","CV 22","Superficially, the jugular arch and the branch of the inferior thyroid artery; deeper, the trachea; inferiorly, at the posterior aspect of the sternum, the inominate vein at aortic arch. (Chinese acupuncture and moxibustion, 1999)","","","TARA:hasRelatedVein","","","","",""
"RN 23","CV 23","The anterior jugular vein. (Chinese acupuncture and moxibustion, 1999)","","","TARA:hasRelatedVein","","","","",""
"RN 24","CV 24","The branches of the inferior labial artery and vein. (Chinese acupuncture and moxibustion, 1999)","","","TARA:hasRelatedVein","","","","",""
"","","","","","TARA:hasRelatedVein","","","","",""
"","","","","","TARA:hasRelatedVein","","","","",""