"Acupoint","Label","Innervation","Identified Nerve Location","Nerve Location URI","Nerve Relation","Expert Comments","","",""
"LU 1","LU 1","The intermediate supraclavicular nerve, the branches of the anterior thoracic nerve, and the lateral cutaneous branch of the first intercostal nerve. (Chinese acupuncture and moxibustion, 1999)","INTERMEDIATE SUPRACLAVICULAR NERVE","http://uri.interlex.org/base/ilx_0797476","TARA:hasRelatedNerve","","","",""
"LU 1","","","medial pectoral nerve","http://uri.interlex.org/base/ilx_0794975","TARA:hasRelatedNerve","","","",""
"LU 1","","","FIRST INTERCOSTAL NERVE","http://uri.interlex.org/base/ilx_0792193","TARA:hasRelatedNerve","","","",""
"LU 2","LU 2","The intermediate and lateral supraclavicular nerve, the branches of the anterior thoracic nerve, and the lateral cord of the brachial plexus. (Chinese acupuncture and moxibustion, 1999)","INTERMEDIATE SUPRACLAVICULAR NERVE	","http://uri.interlex.org/base/ilx_0797476","TARA:hasRelatedNerve","","","",""
"LU 2","","","LATERAL SUPRACLAVICULAR NERVE","http://uri.interlex.org/base/ilx_0797475","TARA:hasRelatedNerve","","","",""
"LU 2","","","medial pectoral nerve","http://uri.interlex.org/base/ilx_0794975","TARA:hasRelatedNerve","","","",""
"LU 2","","","BRACHIAL PLEXUS","http://purl.obolibrary.org/obo/UBERON_0001814","TARA:hasRelatedNerve","","","",""
"LU 3","LU 3","The lateral brachial cutaneous nerve at the place where the musculocutaneous nerve passes through. (Chinese acupuncture and moxibustion, 1999)","LATERAL CUTANEOUS NERVE OF FOREARM lateral brachial cutaneous nerve","http://uri.interlex.org/base/ilx_0797544","TARA:hasRelatedNerve","","","",""
"LU 3","","","MUSCULOCUTANEOUS NERVE","http://purl.obolibrary.org/obo/UBERON_0003724","TARA:hasRelatedNerve","","","",""
"LU 4","LU 4","The lateral brachial cutaneous nerve at the place where the musculo-cutaneous never passes through. (Chinese acupuncture and moxibustion, 1999)","LATERAL CUTANEOUS NERVE OF FOREARM lateral brachial cutaneous nerve","http://uri.interlex.org/base/ilx_0797544","TARA:hasRelatedNerve","","","",""
"LU 4","","","MUSCULOCUTANEOUS NERVE","http://purl.obolibrary.org/obo/UBERON_0003724","TARA:hasRelatedNerve","","","",""
"LU 5","LU 5","The lateral antebrachial cutaneous nerve and the radial nerve. (Chinese acupuncture and moxibustion, 1999)","lateral cutaneous nerve of the forearm","http://uri.interlex.org/base/ilx_0794951","TARA:hasRelatedNerve","","","",""
"LU 5","","","RADIAL NERVE","http://purl.obolibrary.org/obo/UBERON_0001492","TARA:hasRelatedNerve","","","",""
"LU 6","LU 6","The lateral antebrachial cutaneous nerve and the superficial ramus of the radial nerve. (Chinese acupuncture and moxibustion, 1999)","lateral cutaneous nerve of the forearm","http://uri.interlex.org/base/ilx_0794951","TARA:hasRelatedNerve","","","",""
"LU 6","","","superficial branch of radial nerve","http://uri.interlex.org/base/ilx_0797391","TARA:hasRelatedNerve","","","",""
"LU 7","LU 7","The lateral antebrachial cutaneous nerve and the superficial ramus of the radial nerve. (Chinese acupuncture and moxibustion, 1999)","lateral cutaneous nerve of the forearm","http://uri.interlex.org/base/ilx_0794951","TARA:hasRelatedNerve","","","",""
"LU 7","","","superficial branch of radial nerve","http://uri.interlex.org/base/ilx_0797391","TARA:hasRelatedNerve","","","",""
"LU 8","LU 8","The lateral antebrachial cutaneous nerve and the superficial branch of the radial nerve. (Chinese acupuncture and moxibustion, 1999)","lateral cutaneous nerve of the forearm","http://uri.interlex.org/base/ilx_0794951","TARA:hasRelatedNerve","","","",""
"LU 8","","","superficial branch of radial nerve","http://uri.interlex.org/base/ilx_0797391","TARA:hasRelatedNerve","","","",""
"LU 9","LU 9","The lateral antebrachial cutaneous nerve and superficial branch of the radial nerve. (Chinese acupuncture and moxibustion, 1999)","lateral cutaneous nerve of the forearm","http://uri.interlex.org/base/ilx_0794951","TARA:hasRelatedNerve","","","",""
"LU 9","","","superficial branch of radial nerve","http://uri.interlex.org/base/ilx_0797391","TARA:hasRelatedNerve","","","",""
"LU 10","LU 10","The superficial ramus of the radial nerve. (Chinese acupuncture and moxibustion, 1999)","superficial branch of radial nerve","http://uri.interlex.org/base/ilx_0797391","TARA:hasRelatedNerve","","","",""
"LU 11","LU 11","The terminal nerve network formed by the mixed branches of the lateral antebrachial cutaneous nerve and the superficial ramus of the radial nerve as well as the palmar digital proprial nerve of the median nerve. (Chinese acupuncture and moxibustion, 1999)","lateral cutaneous nerve of the forearm","http://uri.interlex.org/base/ilx_0794951","TARA:hasRelatedNerve","","","",""
"LU 11","","","superficial branch of radial nerve","http://uri.interlex.org/base/ilx_0797391","TARA:hasRelatedNerve","","","",""
"LU 11","","","proper palmar digital branches of median nerve","http://uri.interlex.org/base/ilx_0795018","TARA:hasRelatedNerve","","","",""
"LI 1","LI 1","The palmar digital proprial nerve derived from the median nerve. (Chinese acupuncture and moxibustion, 1999)","proper palmar digital branches of median nerve","http://uri.interlex.org/base/ilx_0795018","TARA:hasRelatedNerve","","","",""
"LI 2","LI 2","The dorsal digital nerve of the radial nerve, and the palmar digital proper nerve of the median nerve. (Chinese acupuncture and moxibustion, 1999)","dorsal digital nerve of the radial nerve","http://uri.interlex.org/base/ilx_0797461","TARA:hasRelatedNerve","","","",""
"LI 2","","","proper palmar digital branches of median nerve","http://uri.interlex.org/base/ilx_0795018","TARA:hasRelatedNerve","","","",""
"LI 3","LI 3","The superficial ramus of the radial nerve. (Chinese acupuncture and moxibustion, 1999)","superficial branch of radial nerve","http://uri.interlex.org/base/ilx_0797391","TARA:hasRelatedNerve","","","",""
"LI 4","LI 4","The superficial ramus of the radial nerve. (Chinese acupuncture and moxibustion, 1999)","superficial branch of radial nerve","http://uri.interlex.org/base/ilx_0797391","TARA:hasRelatedNerve","","","",""
"LI 5","LI 5","The superficial branch of the radial nerve. (Chinese acupuncture and moxibustion, 1999)","superficial branch of radial nerve","http://uri.interlex.org/base/ilx_0797391","TARA:hasRelatedNerve","","","",""
"LI 6","LI 6","On the radial side, the lateral antebrachial cutaneous nerve and the superficial ramus of the radial nerve; on the ulnar side, the posterior antebrachial cutaneous nerve and the posterior antebrachial interosseous nerve. (Chinese acupuncture and moxibustion, 1999)","LATERAL ANTEBRACHIAL CUTANEOUS NERVE","http://uri.interlex.org/base/ilx_0794951","TARA:hasRelatedNerve","","","",""
"LI 6","","","superficial branch of radial nerve","http://uri.interlex.org/base/ilx_0797391","TARA:hasRelatedNerve","","","",""
"LI 6","","","POSTERIOR ANTEBRACHIAL CUTANEOUS NERVE","http://uri.interlex.org/base/ilx_0797477","TARA:hasRelatedNerve","","","",""
"LI 6","","","posterior antebrachial interosseous nerve","http://uri.interlex.org/base/ilx_0794967","TARA:hasRelatedNerve","","","",""
"LI 7","LI 7","The posterior antebrachial cutaneous nerve and the deep ramus of the radial nerve. (Chinese acupuncture and moxibustion, 1999)","POSTERIOR ANTEBRACHIAL CUTANEOUS NERVE","http://uri.interlex.org/base/ilx_0797477","TARA:hasRelatedNerve","","","",""
"LI 7","","","deep branch of radial nerve","http://uri.interlex.org/base/ilx_0794977","TARA:hasRelatedNerve","","","",""
"LI 8","LI 8","See Wenliu (LI 7). (Chinese acupuncture and moxibustion, 1999)","POSTERIOR ANTEBRACHIAL CUTANEOUS NERVE","http://uri.interlex.org/base/ilx_0797477","TARA:hasRelatedNerve","","","",""
"LI 8","","","deep branch of radial nerve","http://uri.interlex.org/base/ilx_0794977","TARA:hasRelatedNerve","","","",""
"LI 9","LI 9","See Wenliu (LI 7). (Chinese acupuncture and moxibustion, 1999)","POSTERIOR ANTEBRACHIAL CUTANEOUS NERVE","http://uri.interlex.org/base/ilx_0797477","TARA:hasRelatedNerve","","","",""
"LI 9","","","deep branch of radial nerve","http://uri.interlex.org/base/ilx_0794977","TARA:hasRelatedNerve","","","",""
"LI 10","LI 10","See Wenliu (LI 7). (Chinese acupuncture and moxibustion, 1999)","POSTERIOR ANTEBRACHIAL CUTANEOUS NERVE","http://uri.interlex.org/base/ilx_0797477","TARA:hasRelatedNerve","","","",""
"LI 10","","","deep branch of radial nerve","http://uri.interlex.org/base/ilx_0794977","TARA:hasRelatedNerve","","","",""
"LI 11","LI 11","The posterior antebrachial cutaneous nerve; deeper, on the medial side, the radial nerve. (Chinese acupuncture and moxibustion, 1999)","POSTERIOR ANTEBRACHIAL CUTANEOUS NERVE","http://uri.interlex.org/base/ilx_0797477","TARA:hasRelatedNerve","","","",""
"LI 11","","","radial nerve ","http://purl.obolibrary.org/obo/UBERON_0001492","TARA:hasRelatedNerve","","","",""
"LI 12","LI 12","The posterior antebrachial cutaneous nerve; deeper, on the medial side, the radial nerve. (Chinese acupuncture and moxibustion, 1999)","POSTERIOR ANTEBRACHIAL CUTANEOUS NERVE","http://uri.interlex.org/base/ilx_0797477","TARA:hasRelatedNerve","","","",""
"LI 12","","","radial nerve ","http://purl.obolibrary.org/obo/UBERON_0001492","TARA:hasRelatedNerve","","","",""
"LI 13","LI 13","The posterior antebrachial cutaneous nerve; deeper, the radial nerve. (Chinese acupuncture and moxibustion, 1999)","POSTERIOR ANTEBRACHIAL CUTANEOUS NERVE","http://uri.interlex.org/base/ilx_0797477","TARA:hasRelatedNerve","","","",""
"LI 13","","","radial nerve ","http://purl.obolibrary.org/obo/UBERON_0001492","TARA:hasRelatedNerve","","","",""
"LI 14","LI 14","The posterior brachial cutaneous nerve; deeper, the radial nerve. (Chinese acupuncture and moxibustion, 1999)","POSTERIOR BRACHIAL CUTANEOUS NERVE","http://uri.interlex.org/base/ilx_0795005","TARA:hasRelatedNerve","","","",""
"LI 14","","","radial nerve ","http://purl.obolibrary.org/obo/UBERON_0001492","TARA:hasRelatedNerve","","","",""
"LI 15","LI 15","The lateral supraclavicular nerve and axillary nerve. (Chinese acupuncture and moxibustion, 1999)","LATERAL SUPRACLAVICULAR NERVE","http://uri.interlex.org/base/ilx_0797475","TARA:hasRelatedNerve","","","",""
"LI 15","","","AXILLARY NERVE","http://purl.obolibrary.org/obo/UBERON_0001493","TARA:hasRelatedNerve","","","",""
"LI 16","LI 16","Superficially, the lateral supraclavicular nerve, the branch of the accessory nerve; deeper, the suprascapular nerve. (Chinese acupuncture and moxibustion, 1999)","LATERAL SUPRACLAVICULAR NERVE","http://uri.interlex.org/base/ilx_0797475","TARA:hasRelatedNerve","","","",""
"LI 16","","","ACCESSORY NERVE","http://purl.obolibrary.org/obo/UBERON_0002019","TARA:hasRelatedNerve","","","",""
"LI 16","","","SUPRASCAPULAR NERVE","http://uri.interlex.org/base/ilx_0794966","TARA:hasRelatedNerve","","","",""
"LI 17","LI 17","Superficially, the supraclavicular nerve. It is on the posterior border of m. sternocleido- mastoideus just where the cutaneous cervical nerve emerges. Deeper, the phrenic nerve. (Chinese acupuncture and moxibustion, 1999)","supraclavicular nerve","http://uri.interlex.org/base/ilx_0797474","TARA:hasRelatedNerve","","","",""
"LI 17","","","CERVICAL PLEXUS","http://purl.obolibrary.org/obo/UBERON_0003725","TARA:hasRelatedNerve","","","",""
"LI 17","","","PHRENIC NERVE","http://purl.obolibrary.org/obo/UBERON_0001884","TARA:hasRelatedNerve","","","",""
"LI 18","LI 18","The great auricular nerve, cutaneous cervical nerve, lesser occipital nerve and accessory nerve. (Chinese acupuncture and moxibustion, 1999)","GREAT AURICULAR NERVE","http://purl.obolibrary.org/obo/UBERON_0008833","TARA:hasRelatedNerve","","","",""
"LI 18","","","CERVICAL NERVE","http://purl.obolibrary.org/obo/UBERON_0000962","TARA:hasRelatedNerve","","","",""
"LI 18","","","LESSER OCCIPITAL NERVE","http://uri.interlex.org/base/ilx_0797478","TARA:hasRelatedNerve","","","",""
"LI 18","","","ACCESSORY NERVE","http://purl.obolibrary.org/obo/UBERON_0002019","TARA:hasRelatedNerve","","","",""
"LI 19","LI 19","The anastomotic branch of the facial nerve and the infraorbital nerve. (Chinese acupuncture and moxibustion, 1999)","FACIAL NERVE","http://purl.obolibrary.org/obo/UBERON_0001647","TARA:hasRelatedNerve","","","",""
"LI 19","","","INFRAORBITAL NERVE","http://purl.obolibrary.org/obo/UBERON_0018408","TARA:hasRelatedNerve","","","",""
"LI 20","LI 20","The anastomotic branch of the facial nerve and infraorbital nerves. (Chinese acupuncture and moxibustion, 1999)","FACIAL NERVE","http://purl.obolibrary.org/obo/UBERON_0001647","TARA:hasRelatedNerve","","","",""
"LI 20","","","INFRAORBITAL NERVE","http://purl.obolibrary.org/obo/UBERON_0018408","TARA:hasRelatedNerve","","","",""
"ST 1","ST 1","The branch of the infraorbital nerve, the inferior branch of the oculomotor nerve and the muscular branch of the facial nerve. (Chinese acupuncture and moxibustion, 1999)","INFRAORBITAL NERVE","http://purl.obolibrary.org/obo/UBERON_0018408","TARA:hasRelatedNerve","","","",""
"ST 1","","","OCULOMOTOR NERVE","http://purl.obolibrary.org/obo/UBERON_0001643","TARA:hasRelatedNerve","","","",""
"ST 1","","","FACIAL NERVE","http://purl.obolibrary.org/obo/UBERON_0001647","TARA:hasRelatedNerve","","","",""
"ST 2","ST 2","The branches of the facial nerve. The point is right on the course of the infraorbital nerve. (Chinese acupuncture and moxibustion, 1999)","FACIAL NERVE","http://purl.obolibrary.org/obo/UBERON_0001647","TARA:hasRelatedNerve","","","",""
"ST 2","","","INFRAORBITAL NERVE","http://purl.obolibrary.org/obo/UBERON_0018408","TARA:hasRelatedNerve","","","",""
"ST 3","ST 3","The branches of the facial and infraorbital nerves. (Chinese acupuncture and moxibustion, 1999)","FACIAL NERVE","http://purl.obolibrary.org/obo/UBERON_0001647","TARA:hasRelatedNerve","","","",""
"ST 3","","","INFRAORBITAL NERVE","http://purl.obolibrary.org/obo/UBERON_0018408","TARA:hasRelatedNerve","","","",""
"ST 4","ST 4","Superficially, the branches of the facial and infraorbital nerves; deeper, the terminal branch of the buccal nerve. (Chinese acupuncture and moxibustion, 1999)","FACIAL NERVE","http://purl.obolibrary.org/obo/UBERON_0001647","TARA:hasRelatedNerve","","","",""
"ST 4","","","INFRAORBITAL NERVE","http://purl.obolibrary.org/obo/UBERON_0018408","TARA:hasRelatedNerve","","","",""
"ST 4","","","BUCCAL NERVE","http://purl.obolibrary.org/obo/UBERON_0013646","TARA:hasRelatedNerve","","","",""
"ST 5","ST 5","The facial and buccal nerves. (Chinese acupuncture and moxibustion, 1999)","FACIAL NERVE","http://purl.obolibrary.org/obo/UBERON_0001647","TARA:hasRelatedNerve","","","",""
"ST 5","","","BUCCAL NERVE","http://purl.obolibrary.org/obo/UBERON_0013646","TARA:hasRelatedNerve","","","",""
"ST 6","ST 6","The great auricular nerve, facial nerve and masseteric nerve. (Chinese acupuncture and moxibustion, 1999)","GREAT AURICULAR NERVE","http://purl.obolibrary.org/obo/UBERON_0008833","TARA:hasRelatedNerve","","","",""
"ST 6","","","FACIAL NERVE","http://purl.obolibrary.org/obo/UBERON_0001647","TARA:hasRelatedNerve","","","",""
"ST 6","","","MASSETERIC NERVE","http://purl.obolibrary.org/obo/UBERON_0011321","TARA:hasRelatedNerve","","","",""
"ST 7","ST 7","The zygomatic branch of the facial nerve and the branches of the auriculotemporal nerve. (Chinese acupuncture and moxibustion, 1999)","zygomatic branch of the facial nerve (malar branch)","http://uri.interlex.org/base/ilx_0797479","TARA:hasRelatedNerve","","","",""
"ST 7","","","AURICULOTEMPORAL NERVE","http://uri.interlex.org/base/ilx_0793723","TARA:hasRelatedNerve","","","",""
"ST 8","ST 8","The branch of the auriculotemporal nerve and the temporal branch of the facial nerve. (Chinese acupuncture and moxibustion, 1999)","AURICULOTEMPORAL NERVE","http://uri.interlex.org/base/ilx_0793723","TARA:hasRelatedNerve","","","",""
"ST 8","","","temporal branch of the facial nerve","","TARA:hasRelatedNerve","","","",""
"ST 9","ST 9","Superficially, the cutaneous cervical nerve, the cervical branch of the facial nerve; deeper, the sympathetic trunk; laterally, the descending branch of the hypoglossal nerve and the vagus nerve. (Chinese acupuncture and moxibustion, 1999)","TRANSVERSE CERVICAL NERVE","http://uri.interlex.org/base/ilx_0797480","TARA:hasRelatedNerve","","","",""
"ST 9","","","cervical branch of the facial nerve","http://uri.interlex.org/base/ilx_0797493","TARA:hasRelatedNerve","","","",""
"ST 9","","","SYMPATHETIC TRUNK","http://purl.obolibrary.org/obo/UBERON_0001650","TARA:hasRelatedNerve","","","",""
"ST 9","","","VAGUS NERVE","http://purl.obolibrary.org/obo/UBERON_0001759","TARA:hasRelatedNerve","","","",""
"ST 10","ST 10","Superficially, the cutaneous cervical nerve; deeper, the superior cardiac nerve issued from the sympathetic nerve and the sympathetic trunk. (Chinese acupuncture and moxibustion, 1999)","TRANSVERSE CERVICAL NERVE","http://uri.interlex.org/base/ilx_0797480","TARA:hasRelatedNerve","","","",""
"ST 10","","","SUPERIOR CARDIAC NERVE","http://uri.interlex.org/base/ilx_0797522","TARA:hasRelatedNerve","","","",""
"ST 10","","","SYMPATHETIC NERVE","http://purl.obolibrary.org/obo/UBERON_0034729","TARA:hasRelatedNerve","","","",""
"ST 10","","","SYMPATHETIC TRUNK","http://purl.obolibrary.org/obo/UBERON_0000407","TARA:hasRelatedNerve","","","",""
"ST 11","ST 11","The medial supraclavicular nerve and the muscular branch of ansa cervicalis. (Chinese acupuncture and moxibustion, 1999)","MEDIAL SUPRACLAVICULAR NERVE","http://uri.interlex.org/base/ilx_0797523","TARA:hasRelatedNerve","","","",""
"ST 11","","","BRANCH OF ANSA CERVICALIS","http://uri.interlex.org/base/ilx_0797524","TARA:hasRelatedNerve","","","",""
"ST 11","","","","","","","","",""
"ST 12","ST 12","Superficially, the intermediate supraclavicular nerve; deeper, the supraclavicular portion of brachial plexus. (Chinese acupuncture and moxibustion, 1999)","NTERMEDIATE SUPRACLAVICULAR NERVE","http://uri.interlex.org/base/ilx_0797476","TARA:hasRelatedNerve","","","",""
"ST 12","","","BRACHIAL PLEXUS","http://purl.obolibrary.org/obo/UBERON_0001814","TARA:hasRelatedNerve","","","",""
"ST 13","ST 13","The branches of the supraclavicular nerve and the anterior thoracic nerve. (Chinese acupuncture and moxibustion, 1999)","supraclavicular nerve","http://uri.interlex.org/base/ilx_0797474","TARA:hasRelatedNerve","","","",""
"ST 13","","","intercostal nerve","http://uri.interlex.org/base/ilx_0794975","TARA:hasRelatedNerve","","","",""
"ST 14","ST 14","The branch of the anterior thoracic nerve. (Chinese acupuncture and moxibustion, 1999)","intercostal nerve","http://uri.interlex.org/base/ilx_0794975","TARA:hasRelatedNerve","","","",""
"ST 15","ST 15","On the course of the branch of m. pectoralis major derived from the anterior thoracic nerve. (Chinese acupuncture and moxibustion, 1999)","PECTORAL NERVE","http://purl.obolibrary.org/obo/UBERON_0003726","TARA:hasRelatedNerve","","","",""
"ST 15","","","intercostal nerve","http://uri.interlex.org/base/ilx_0794975","TARA:hasRelatedNerve","","","",""
"ST 16","ST 16","The branch of the anterior thoracic nerve. (Chinese acupuncture and moxibustion, 1999)","intercostal nerve","http://uri.interlex.org/base/ilx_0794975","TARA:hasRelatedNerve","","","",""
"ST 17","ST 17","In comment","FOURTH INTERCOSTAL NERVE","http://uri.interlex.org/base/ilx_0784694","TARA:hasRelatedNerve","","","",""
"ST 17 M","ST 17 (Male)","","FOURTH INTERCOSTAL NERVE","http://uri.interlex.org/base/ilx_0784694","TARA:hasRelatedNerve","","","",""
"ST 17 F","ST 17 (Female)","","FOURTH INTERCOSTAL NERVE","http://uri.interlex.org/base/ilx_0784694","TARA:hasRelatedNerve","","","",""
"ST 18","ST 18","The branch of the fifth intercostal nerve. (Chinese acupuncture and moxibustion, 1999)","FIFTH INTERCOSTAL NERVE","http://uri.interlex.org/base/ilx_0787443","TARA:hasRelatedNerve","","","",""
"ST 18 M","ST 18 (Male)","The branch of the fifth intercostal nerve. (Chinese acupuncture and moxibustion, 1999)","FIFTH INTERCOSTAL NERVE","http://uri.interlex.org/base/ilx_0787443","TARA:hasRelatedNerve","","","",""
"ST 18 F","ST 18 (Female)","The branch of the fifth intercostal nerve. (Chinese acupuncture and moxibustion, 1999)","FIFTH INTERCOSTAL NERVE","http://uri.interlex.org/base/ilx_0787443","TARA:hasRelatedNerve","","","",""
"ST 19","ST 19","The branch of the seventh intercostal nerve. (Chinese acupuncture and moxibustion, 1999)","SEVENTH INTERCOSTAL NERVE","http://uri.interlex.org/base/ilx_0791808","TARA:hasRelatedNerve","","","",""
"ST 20","ST 20","In comment","SEVENTH INTERCOSTAL NERVE","http://uri.interlex.org/base/ilx_0791808","TARA:hasRelatedNerve","","","",""
"ST 21","ST 21","The branch of the eighth intercostal nerve. (Chinese acupuncture and moxibustion, 1999)","EIGHTH INTERCOSTAL NERVE","http://uri.interlex.org/base/ilx_0787969","TARA:hasRelatedNerve","","","",""
"ST 22","ST 22","In comment","EIGHTH INTERCOSTAL NERVE","http://uri.interlex.org/base/ilx_0787969","TARA:hasRelatedNerve","","","",""
"ST 23","ST 23","The branches of the eighth and ninth intercostal nerves. (Chinese acupuncture and moxibustion, 1999)","EIGHTH INTERCOSTAL NERVE","http://uri.interlex.org/base/ilx_0787969","TARA:hasRelatedNerve","","","",""
"ST 23","","","NINTH INTERCOSTAL NERVE","http://uri.interlex.org/base/ilx_0792543","TARA:hasRelatedNerve","","","",""
"ST 24","ST 24","The branch of the ninth intercostal nerve. (Chinese acupuncture and moxibustion, 1999)","NINTH INTERCOSTAL NERVE","http://uri.interlex.org/base/ilx_0792543","TARA:hasRelatedNerve","","","",""
"ST 25","ST 25","The branch of the tenth intercostal nerve. (Chinese acupuncture and moxibustion, 1999)","TENTH INTERCOSTAL NERVE","http://uri.interlex.org/base/ilx_0785076","TARA:hasRelatedNerve","","","",""
"ST 26","ST 26","In comment","TENTH INTERCOSTAL NERVE","http://uri.interlex.org/base/ilx_0785076","TARA:hasRelatedNerve","","","",""
"ST 27","ST 27","The eleventh intercostal nerve. (Chinese acupuncture and moxibustion, 1999)","ELEVENTH INTERCOSTAL NERVE","http://uri.interlex.org/base/ilx_0792132","TARA:hasRelatedNerve","","","",""
"ST 28","ST 28","A branch of the subcostal nerve. (Chinese acupuncture and moxibustion, 1999)","SUBCOSTAL NERVE	","http://uri.interlex.org/base/ilx_0797451","TARA:hasRelatedNerve","","","",""
"ST 29","ST 29","The iliohypogastric nerve. (Chinese acupuncture and moxibustion, 1999)","ILIOHYPOGASTRIC NERVE","http://uri.interlex.org/base/ilx_0795002","TARA:hasRelatedNerve","","","",""
"ST 30","ST 30","The pathway of the ilioinguinal nerve. (Chinese acupuncture and moxibustion, 1999)","ILIOHYPOGASTRIC NERVE","http://uri.interlex.org/base/ilx_0795002","TARA:hasRelatedNerve","","","",""
"ST 31","ST 31","The lateral femoral cutaneous nerve. (Chinese acupuncture and moxibustion, 1999)","LATERAL FEMORAL CUTANEOUS NERVE","http://uri.interlex.org/base/ilx_0794999","TARA:hasRelatedNerve","","","",""
"ST 32","ST 32","The anterior and lateral femoral cutaneous nerves. (Chinese acupuncture and moxibustion, 1999)","LATERAL FEMORAL CUTANEOUS NERVE","http://uri.interlex.org/base/ilx_0794999","TARA:hasRelatedNerve","","","",""
"ST 32","","","ANTERIOR FEMORAL CUTANEOUS NERVE","http://uri.interlex.org/base/ilx_0797481","TARA:hasRelatedNerve","","","",""
"ST 33","ST 33","The anterior and lateral femoral cutaneous nerves. (Chinese acupuncture and moxibustion, 1999)","LATERAL FEMORAL CUTANEOUS NERVE","http://uri.interlex.org/base/ilx_0794999","TARA:hasRelatedNerve","","","",""
"ST 33","","","ANTERIOR FEMORAL CUTANEOUS NERVE","http://uri.interlex.org/base/ilx_0797481","TARA:hasRelatedNerve","","","",""
"ST 34","ST 34","In comment","LATERAL FEMORAL CUTANEOUS NERVE","http://uri.interlex.org/base/ilx_0794999","TARA:hasRelatedNerve","","","",""
"ST 34","","","ANTERIOR FEMORAL CUTANEOUS NERVE","http://uri.interlex.org/base/ilx_0797481","TARA:hasRelatedNerve","","","",""
"ST 35","ST 35","The lateral sural cutaneous nerve and the articular branch of the common peroneal nerve. (Chinese acupuncture and moxibustion, 1999)","LATERAL SURAL CUTANEOUS NERVE	","http://uri.interlex.org/base/ilx_0797521","TARA:hasRelatedNerve","","","",""
"ST 35","","","COMMON PERONEAL NERVE","http://purl.obolibrary.org/obo/UBERON_0001324","TARA:hasRelatedNerve","","","",""
"ST 36","ST 36","Superficially, the lateral sural cutaneous nerve and the cutaneous branch of the saphenous nerve; deeper, the deep peroneal nerve. (Chinese acupuncture and moxibustion, 1999)","LATERAL SURAL CUTANEOUS NERVE	","http://uri.interlex.org/base/ilx_0797521","TARA:hasRelatedNerve","","","",""
"ST 36","","","SAPHENOUS NERVE","http://purl.obolibrary.org/obo/UBERON_0002475","TARA:hasRelatedNerve","","","",""
"ST 36","","","DEEP PERONEAL NERVE","http://purl.obolibrary.org/obo/UBERON_0035207","TARA:hasRelatedNerve","","","",""
"ST 37","ST 37","In comment","LATERAL SURAL CUTANEOUS NERVE	","http://uri.interlex.org/base/ilx_0797521","TARA:hasRelatedNerve","","","",""
"ST 37","","","SAPHENOUS NERVE","http://purl.obolibrary.org/obo/UBERON_0002475","TARA:hasRelatedNerve","","","",""
"ST 37","","","DEEP PERONEAL NERVE","http://purl.obolibrary.org/obo/UBERON_0035207","TARA:hasRelatedNerve","","","",""
"ST 38","ST 38","In comment","LATERAL SURAL CUTANEOUS NERVE	","http://uri.interlex.org/base/ilx_0797521","TARA:hasRelatedNerve","","","",""
"ST 38","","","SAPHENOUS NERVE","http://purl.obolibrary.org/obo/UBERON_0002475","TARA:hasRelatedNerve","","","",""
"ST 38","","","DEEP PERONEAL NERVE","http://purl.obolibrary.org/obo/UBERON_0035207","TARA:hasRelatedNerve","","","",""
"ST 39","ST 39","The branches of the superficial peroneal nerve and the deep peroneal nerve. (Chinese acupuncture and moxibustion, 1999)","SUPERFICIAL PERONEAL NERVE","http://purl.obolibrary.org/obo/UBERON_0035526","TARA:hasRelatedNerve","","","",""
"ST 39","","","DEEP PERONEAL NERVE","http://purl.obolibrary.org/obo/UBERON_0035207","TARA:hasRelatedNerve","","","",""
"ST 40","ST 40","The superficial peroneal nerve. (Chinese acupuncture and moxibustion, 1999)","SUPERFICIAL PERONEAL NERVE","http://purl.obolibrary.org/obo/UBERON_0035526","TARA:hasRelatedNerve","","","",""
"ST 41","ST 41","The superficial and deep peroneal nerves. (Chinese acupuncture and moxibustion, 1999)","SUPERFICIAL PERONEAL NERVE","http://purl.obolibrary.org/obo/UBERON_0035526","TARA:hasRelatedNerve","","","",""
"ST 41","","","DEEP PERONEAL NERVE","http://purl.obolibrary.org/obo/UBERON_0035207","TARA:hasRelatedNerve","","","",""
"ST 42","ST 42","Superficially, the medial dorsal cutaneous nerve of foot derived from the superficial peroneal nerve; deeper, the deep peroneal nerve. (Chinese acupuncture and moxibustion, 1999)","medial dorsal cutaneous nerve of foot ","http://uri.interlex.org/base/ilx_0797482","TARA:hasRelatedNerve","","","",""
"ST 42","","","DEEP PERONEAL NERVE","http://purl.obolibrary.org/obo/UBERON_0035207","TARA:hasRelatedNerve","","","",""
"ST 43","ST 43","The medial dorsal cu‚Ä¢ taneous nerve of foot. (Chinese acupuncture and moxibustion, 1999)","medial dorsal cutaneous nerve of foot ","http://uri.interlex.org/base/ilx_0797482","TARA:hasRelatedNerve","","","",""
"ST 44","ST 44","Just where the lateral branch of the medial dorsal cutaneous nerve divides into dorsal digital nerves. (Chinese acupuncture and moxibustion, 1999)","SUPERFICIAL FIBULAR NERVE","http://purl.obolibrary.org/obo/UBERON_0035526","TARA:hasRelatedNerve","","","",""
"ST 45","ST 45","The dorsal digital nerve derived from the superficial peroneal nerve. (Chinese acupuncture and moxibustion, 1999)","SUPERFICIAL PERONEAL NERVE","http://purl.obolibrary.org/obo/UBERON_0035526","TARA:hasRelatedNerve","","","",""
"SP 1","SP 1","On the anastomosis of the dorsal digital nerve derived from the superficial peroneal nerve and the plantar digital proprial nerve. (Chinese acupuncture and moxibustion, 1999)","Dorsal digital nerve of foot","http://uri.interlex.org/base/ilx_0797483","TARA:hasRelatedNerve","","","",""
"SP 1","","","SUPERFICIAL PERONEAL NERVE","http://purl.obolibrary.org/obo/UBERON_0035526","TARA:hasRelatedNerve","","","",""
"SP 1","","","proper plantar digital nerve","http://uri.interlex.org/base/ilx_0797484","TARA:hasRelatedNerve","","","",""
"SP 2","SP 2","The proper plantar digital nerve derived from the medial plantar nerve. (Chinese acupuncture and moxibustion, 1999)","proper plantar digital nerve","http://uri.interlex.org/base/ilx_0797484","TARA:hasRelatedNerve","","","",""
"SP 2","","","MEDIAL PLANTAR NERVE","http://purl.obolibrary.org/obo/UBERON_0035111","TARA:hasRelatedNerve","","","",""
"SP 3","SP 3","The branches of the saphenous nerve and superficial peroneal nerve. (Chinese acupuncture and moxibustion, 1999)","SAPHENOUS NERVE","http://purl.obolibrary.org/obo/UBERON_0002475","TARA:hasRelatedNerve","","","",""
"SP 3","","","SUPERFICIAL PERONEAL NERVE","http://purl.obolibrary.org/obo/UBERON_0035526","TARA:hasRelatedNerve","","","",""
"SP 4","SP 4","The saphenous nerve and the branch of the superficial peroneal nerve. (Chinese acupuncture and moxibustion, 1999)","SAPHENOUS NERVE","http://purl.obolibrary.org/obo/UBERON_0002475","TARA:hasRelatedNerve","","","",""
"SP 4","","","SUPERFICIAL PERONEAL NERVE","http://purl.obolibrary.org/obo/UBERON_0035526","TARA:hasRelatedNerve","","","",""
"SP 5","SP 5","The medial crural cutaneous nerve and the branch of the superficial peroneal nerve. (Chinese acupuncture and moxibustion, 1999)","MEDIAL CRURAL CUTANEOUS NERVE","http://uri.interlex.org/base/ilx_0797485","TARA:hasRelatedNerve","","","",""
"SP 5","","","SUPERFICIAL PERONEAL NERVE","http://purl.obolibrary.org/obo/UBERON_0035526","TARA:hasRelatedNerve","","","",""
"SP 6","SP 6","Superficially, the medial crural cutaneous nerve; deeper, in the posterior aspect, the tibial nerve. (Chinese acupuncture and moxibustion, 1999)","MEDIAL CRURAL CUTANEOUS NERVE","http://uri.interlex.org/base/ilx_0797485","TARA:hasRelatedNerve","","","",""
"SP 6","","","TIBIAL NERVE","http://purl.obolibrary.org/obo/UBERON_0001323","TARA:hasRelatedNerve","","","",""
"SP 7","SP 7","In comment ","MEDIAL CRURAL CUTANEOUS NERVE","http://uri.interlex.org/base/ilx_0797485","TARA:hasRelatedNerve","","","",""
"SP 7","","","TIBIAL NERVE","http://purl.obolibrary.org/obo/UBERON_0001323","TARA:hasRelatedNerve","","","",""
"SP 8","SP 8","See Sanyinjiao (SP 6). (Chinese acupuncture and moxibustion, 1999)","MEDIAL CRURAL CUTANEOUS NERVE","http://uri.interlex.org/base/ilx_0797485","TARA:hasRelatedNerve","","","",""
"SP 8","","","TIBIAL NERVE","http://purl.obolibrary.org/obo/UBERON_0001323","TARA:hasRelatedNerve","","","",""
"SP 9","SP 9","Superficially, the medial crural cutaneous nerve; deeper, the tibial nerve. (Chinese acupuncture and moxibustion, 1999)","MEDIAL CRURAL CUTANEOUS NERVE","http://uri.interlex.org/base/ilx_0797485","TARA:hasRelatedNerve","","","",""
"SP 9","","","TIBIAL NERVE","http://purl.obolibrary.org/obo/UBERON_0001323","TARA:hasRelatedNerve","","","",""
"SP 10","SP 10","The anterior femoral cutaneous nerve and the muscular branch of the femoral nerve. (Chinese acupuncture and moxibustion, 1999)","anterior femoral cutaneous nerve","http://uri.interlex.org/base/ilx_0797481","TARA:hasRelatedNerve","","","",""
"SP 10","","","muscular branch of the femoral nerve","http://uri.interlex.org/base/ilx_0797486","TARA:hasRelatedNerve","","","",""
"SP 11","SP 11","The anterior femoral cutaneous nerve; deeper, the saphenous nerve. (Chinese acupuncture and moxibustion, 1999)","anterior femoral cutaneous nerve","http://uri.interlex.org/base/ilx_0797481","TARA:hasRelatedNerve","","","",""
"SP 11","","","SAPHENOUS NERVE","http://purl.obolibrary.org/obo/UBERON_0002475","TARA:hasRelatedNerve","","","",""
"SP 12","SP 12","Just where the femoral nerve traverses. (Chinese acupuncture and moxibustion, 1999)","FEMORAL NERVE","http://purl.obolibrary.org/obo/UBERON_0001267","TARA:hasRelatedNerve","","","",""
"SP 12","SP 13","The ilioinguinal nerve. (Chinese acupuncture and moxibustion, 1999)","ILIOINGUINAL NERVE","http://uri.interlex.org/base/ilx_0794996","TARA:hasRelatedNerve","","","",""
"SP 14","SP 14","The eleventh intercostal nerve. (Chinese acupuncture and moxibustion, 1999)","ELEVENTH INTERCOSTAL NERVE","http://uri.interlex.org/base/ilx_0792132","TARA:hasRelatedNerve","","","",""
"SP 15","SP 15","The tenth intercostal nerve. (Chinese acupuncture and moxibustion, 1999)","TENTH INTERCOSTAL NERVE","http://uri.interlex.org/base/ilx_0785076","TARA:hasRelatedNerve","","","",""
"SP 16","SP 16","The eighth intercostal nerve. (Chinese acupuncture and moxibustion, 1999)","EIGHTH INTERCOSTAL NERVE","http://uri.interlex.org/base/ilx_0787969","TARA:hasRelatedNerve","","","",""
"SP 17","SP 17","The lateral cutaneous branch of the fifth intercostal nerve. (Chinese acupuncture and moxibustion, 1999)","FIFTH INTERCOSTAL NERVE","http://uri.interlex.org/base/ilx_0787443","TARA:hasRelatedNerve","","","",""
"SP 18","SP 18","The lateral cutaneous branch of the fourth intercostal nerve. (Chinese acupuncture and moxibustion, 1999)","FOURTH INTERCOSTAL NERVE","http://uri.interlex.org/base/ilx_0784694","TARA:hasRelatedNerve","","","",""
"SP 19","SP 19","The lateral cutaneous branch of the third intercostal nerve. (Chinese acupuncture and moxibustion, 1999)","THIRD INTERCOSTAL NERVE","http://uri.interlex.org/base/ilx_0785435","TARA:hasRelatedNerve","","","",""
"SP 20","SP 20","The muscular branch of the anterior thoracic nerve, the lateral cutaneous branch of the second intercostal nerve. (Chinese acupuncture and moxibustion, 1999)","THORACIC NERVE","http://uri.interlex.org/base/ilx_0794975","TARA:hasRelatedNerve","","","",""
"SP 20","","","SECOND INTERCOSTAL NERVE","http://uri.interlex.org/base/ilx_0789482","TARA:hasRelatedNerve","","","",""
"SP 21","SP 21","The seventh intercostal nerve and the terminal branch of the long thoracic nerve. (Chinese acupuncture and moxibustion, 1999)","SEVENTH INTERCOSTAL NERVE","http://uri.interlex.org/base/ilx_0791808","TARA:hasRelatedNerve","","","",""
"SP 21","","","LONG THORACIC NERVE","http://uri.interlex.org/base/ilx_0797487","TARA:hasRelatedNerve","","","",""
"HT 1","HT 1","The ulnar nerve, median nerve and medial brachial cutaneous nerve. (Chinese acupuncture and moxibustion, 1999)","ULNAR NERVE","http://purl.obolibrary.org/obo/UBERON_0001494","TARA:hasRelatedNerve","","","",""
"HT 1","","","MEDIAN NERVE","http://purl.obolibrary.org/obo/UBERON_0001148","TARA:hasRelatedNerve","","","",""
"HT 1","","","MEDIAL BRACHIAL CUTANEOUS NERVE","http://uri.interlex.org/base/ilx_0794952","TARA:hasRelatedNerve","","","",""
"HT 2","HT 2","The medial antebrachial cutaneous nerve, the medial brachial cutaneous nerve and the ulnar nerve. (Chinese acupuncture and moxibustion, 1999)","MEDIAL ANTEBRACHIAL CUTANEOUS NERVE","http://uri.interlex.org/base/ilx_0794953","TARA:hasRelatedNerve","","","",""
"HT 2","","","MEDIAL BRACHIAL CUTANEOUS NERVE","http://uri.interlex.org/base/ilx_0794952","TARA:hasRelatedNerve","","","",""
"HT 2","","","ULNAR NERVE","http://purl.obolibrary.org/obo/UBERON_0001494","TARA:hasRelatedNerve","","","",""
"HT 3","HT 3","The medial antebrachial cutaneous nerve. (Chinese acupuncture and moxibustion, 1999)","MEDIAL ANTEBRACHIAL CUTANEOUS NERVE","http://uri.interlex.org/base/ilx_0794953","TARA:hasRelatedNerve","","","",""
"HT 4","HT 4","The medial antebrachial cutaneous nerve; on the ulnar side, the ulnar nerve. (Chinese acupuncture and moxibustion, 1999)","MEDIAL ANTEBRACHIAL CUTANEOUS NERVE","http://uri.interlex.org/base/ilx_0794953","TARA:hasRelatedNerve","","","",""
"HT 4","","","ULNAR NERVE","http://purl.obolibrary.org/obo/UBERON_0001494","TARA:hasRelatedNerve","","","",""
"HT 5","HT 5","In comment","MEDIAL ANTEBRACHIAL CUTANEOUS NERVE","http://uri.interlex.org/base/ilx_0794953","TARA:hasRelatedNerve","","","",""
"HT 5","","","ULNAR NERVE","http://purl.obolibrary.org/obo/UBERON_0001494","TARA:hasRelatedNerve","","","",""
"HT 6","HT 6","In comment","MEDIAL ANTEBRACHIAL CUTANEOUS NERVE","http://uri.interlex.org/base/ilx_0794953","TARA:hasRelatedNerve","","","",""
"HT 6","","","ULNAR NERVE","http://purl.obolibrary.org/obo/UBERON_0001494","TARA:hasRelatedNerve","","","",""
"HT 7","HT 7","In comment","MEDIAL ANTEBRACHIAL CUTANEOUS NERVE","http://uri.interlex.org/base/ilx_0794953","TARA:hasRelatedNerve","","","",""
"HT 7","","","ULNAR NERVE","http://purl.obolibrary.org/obo/UBERON_0001494","TARA:hasRelatedNerve","","","",""
"HT 8","HT 8","The fourth common palmar digital nerve derived from the ulnar nerve. (Chinese acupuncture and moxibustion, 1999)","FOURTH COMMON PALMAR DIGITAL NERVE","http://uri.interlex.org/base/ilx_0797488","TARA:hasRelatedNerve","","","",""
"HT 8","","","ULNAR NERVE","http://purl.obolibrary.org/obo/UBERON_0001494","TARA:hasRelatedNerve","","","",""
"HT 9","HT 9","The palmar digital proprial nerve derived from the ulnar nerve. (Chinese acupuncture and moxibustion, 1999)","proper palmar digital nerve","http://uri.interlex.org/base/ilx_0797489","TARA:hasRelatedNerve","","","",""
"HT 9","","","ULNAR NERVE","http://purl.obolibrary.org/obo/UBERON_0001494","TARA:hasRelatedNerve","","","",""
"SI 1","SI 1","The palmar digital proprial nerve and the dorsal digital nerve derived from the ulnar nerve. (Chinese acupuncture and moxibustion, 1999)","proper palmar digital nerve","http://uri.interlex.org/base/ilx_0797489","TARA:hasRelatedNerve","","","",""
"SI 1","","","dorsal digital nerve of ulnar nerve","http://uri.interlex.org/base/ilx_0797490","TARA:hasRelatedNerve","","","",""
"SI 2","SI 2","The dorsal digital nerve and palmar digital propria 1 nerve derived from the ulnar nerve. (Chinese acupuncture and moxibustion, 1999)","dorsal digital nerve of ulnar nerve","http://uri.interlex.org/base/ilx_0797490","TARA:hasRelatedNerve","","","",""
"SI 2","","","proper palmar digital nerve","http://uri.interlex.org/base/ilx_0797489","TARA:hasRelatedNerve","","","",""
"SI 3","SI 3","The dorsal branch derived from the ulnar nerve. (Chinese acupuncture and moxibustion, 1999)","dorsal cutaneous branch of the ulnar nerve","http://uri.interlex.org/base/ilx_0797491","TARA:hasRelatedNerve","","","",""
"SI 4","SI 4","The dorsal branch of the ulnar nerve. (Chinese acupuncture and moxibustion, 1999)","dorsal cutaneous branch of the ulnar nerve","http://uri.interlex.org/base/ilx_0797491","TARA:hasRelatedNerve","","","",""
"SI 5","SI 5","The dorsal branch of the ulnar nerve. (Chinese acupuncture and moxibustion, 1999)","dorsal cutaneous branch of the ulnar nerve","http://uri.interlex.org/base/ilx_0797491","TARA:hasRelatedNerve","","","",""
"SI 6","SI 6","The anastomotic branches of the posterior antebrachial cutaneous nerve and the dorsal branch of the ulnar nerve. (Chinese acupuncture and moxibustion, 1999)","POSTERIOR ANTEBRACHIAL CUTANEOUS NERVE","http://uri.interlex.org/base/ilx_0797477","TARA:hasRelatedNerve","","","",""
"SI 6","","","dorsal cutaneous branch of the ulnar nerve","http://uri.interlex.org/base/ilx_0797491","TARA:hasRelatedNerve","","","",""
"SI 7","SI 7","Superficially, the branch of the medial antebrachial cutaneous nerve; deeper, on the radial side, the posterior interosseous nerve. (Chinese acupuncture and moxibustion, 1999)","MEDIAL ANTEBRACHIAL CUTANEOUS NERVE","http://uri.interlex.org/base/ilx_0794953","TARA:hasRelatedNerve","","","",""
"SI 7","","","POSTERIOR INTEROSSEOUS NERVE","http://uri.interlex.org/base/ilx_0794967","TARA:hasRelatedNerve","","","",""
"SI 8","SI 8","The branches of the medial antebrachial cutaneous nerve, the ulnar nerve. (Chinese acupuncture and moxibustion, 1999)","MEDIAL ANTEBRACHIAL CUTANEOUS NERVE","http://uri.interlex.org/base/ilx_0794953","TARA:hasRelatedNerve","","","",""
"SI 8","","","ULNAR NERVE","http://purl.obolibrary.org/obo/UBERON_0001494","TARA:hasRelatedNerve","","","",""
"SI 9","SI 9","The branch of the axillary nerve; deeper in the superior aspect, the radial nerve. (Chinese acupuncture and moxibustion, 1999)","AXILLARY NERVE","http://purl.obolibrary.org/obo/UBERON_0001493","TARA:hasRelatedNerve","","","",""
"SI 9","","","RADIAL NERVE","http://purl.obolibrary.org/obo/UBERON_0001492","TARA:hasRelatedNerve","","","",""
"SI 10","SI 10","The posterior cutaneous nerve of the arm, the axillary nerve; deeper, the suprascapular nerve. (Chinese acupuncture and moxibustion, 1999)","Posterior cutaneous nerve of arm","http://uri.interlex.org/base/ilx_0795005","TARA:hasRelatedNerve","","","",""
"SI 10","","","AXILLARY NERVE","http://purl.obolibrary.org/obo/UBERON_0001493","TARA:hasRelatedNerve","","","",""
"SI 10","","","SUPRASCAPULAR NERVE","http://uri.interlex.org/base/ilx_0794966","TARA:hasRelatedNerve","","","",""
"SI 11","SI 11","The suprascapular nerve. (Chinese acupuncture and moxibustion, 1999)","SUPRASCAPULAR NERVE","http://uri.interlex.org/base/ilx_0794966","TARA:hasRelatedNerve","","","",""
"SI 12","SI 12","The lateral suprascapular nerve and accessory nerve; deeper, the suprascapular nerve. (Chinese acupuncture and moxibustion, 1999)","Suprascapular nerve","http://uri.interlex.org/base/ilx_0794966","TARA:hasRelatedNerve","","","",""
"SI 12","","","SUPRASCAPULAR NERVE","http://uri.interlex.org/base/ilx_0794966","TARA:hasRelatedNerve","","","",""
"SI 12","","","ACCESSORY NERVE","http://purl.obolibrary.org/obo/UBERON_0002019","TARA:hasRelatedNerve","","","",""
"SI 13","SI 13","Superficially, the lateral branch of the posterior ramus of the second thoracic nerve, the accessory nerve; deeper, the muscular branch of the suprascapular nerve. (Chinese acupuncture and moxibustion, 1999)","Posterior ramus of second thoracic nerve","http://uri.interlex.org/base/ilx_0787131","TARA:hasRelatedNerve","","","",""
"SI 13","","","ACCESSORY NERVE","http://purl.obolibrary.org/obo/UBERON_0002019","TARA:hasRelatedNerve","","","",""
"SI 13","","","Motor branches of the suprascapular nerve","http://uri.interlex.org/base/ilx_0797492","TARA:hasRelatedNerve","","","",""
"SI 14","SI 14","Superficially, the medial cutaneous branches of the posterior rami of the first and second thoracic nerves, the accessory nerve; deeper, the dorsal scapular nerve. (Chinese acupuncture and moxibustion, 1999)","Posterior ramus of first thoracic nerve","http://uri.interlex.org/base/ilx_0787984","TARA:hasRelatedNerve","","","",""
"SI 14","","","Posterior ramus of second thoracic nerve","http://uri.interlex.org/base/ilx_0787131","TARA:hasRelatedNerve","","","",""
"SI 14","","","ACCESSORY NERVE","http://purl.obolibrary.org/obo/UBERON_0002019","TARA:hasRelatedNerve","","","",""
"SI 14","","","DORSAL SCAPULAR NERVE","http://uri.interlex.org/base/ilx_0794979","TARA:hasRelatedNerve","","","",""
"SI 15","SI 15","In comment","Posterior ramus of first thoracic nerve","http://uri.interlex.org/base/ilx_0787984","TARA:hasRelatedNerve","","","",""
"SI 15","","","Posterior ramus of second thoracic nerve","http://uri.interlex.org/base/ilx_0787131","TARA:hasRelatedNerve","","","",""
"SI 15","","","ACCESSORY NERVE","http://purl.obolibrary.org/obo/UBERON_0002019","TARA:hasRelatedNerve","","","",""
"SI 15","","","DORSAL SCAPULAR NERVE","http://uri.interlex.org/base/ilx_0794979","TARA:hasRelatedNerve","","","",""
"SI 16","SI 16","The cutaneous cervical nerve, the emerging portion of the great auricular nerve. (Chinese acupuncture and moxibustion, 1999)","Transverse cervical nerve","http://uri.interlex.org/base/ilx_0797480","TARA:hasRelatedNerve","","","",""
"SI 16","","","GREAT AURICULAR NERVE","http://purl.obolibrary.org/obo/UBERON_0008833","TARA:hasRelatedNerve","","","",""
"SI 17","SI 17","Superficially, the anterior branch of the great auricular nerve, the cervical branch of the facial nerve; deeper, the superior cervical ganglion of the sympathetic trunk. (Chinese acupuncture and moxibustion, 1999)","GREAT AURICULAR NERVE","http://purl.obolibrary.org/obo/UBERON_0008833","TARA:hasRelatedNerve","","","",""
"SI 17","","","cervical ramus of the facial nerve","http://uri.interlex.org/base/ilx_0797493","TARA:hasRelatedNerve","","","",""
"SI 17","","","SUPERIOR CERVICAL GANGLION","http://purl.obolibrary.org/obo/UBERON_0001989","TARA:hasRelatedNerve","","","",""
"SI 18","SI 18","The facial and infraorbital nerves. (Chinese acupuncture and moxibustion, 1999)","FACIAL NERVE","http://purl.obolibrary.org/obo/UBERON_0001647","TARA:hasRelatedNerve","","","",""
"SI 18","","","INFRAORBITAL NERVE","http://purl.obolibrary.org/obo/UBERON_0018408","TARA:hasRelatedNerve","","","",""
"SI 19","SI 19","The branch of the facial nerve, the auriculotemporal nerve. (Chinese acupuncture and moxibustion, 1999)","FACIAL NERVE","http://purl.obolibrary.org/obo/UBERON_0001647","TARA:hasRelatedNerve","","","",""
"SI 19","","","AURICULOTEMPORAL NERVE","http://uri.interlex.org/base/ilx_0793723","TARA:hasRelatedNerve","","","",""
"BL 1","BL 1","Superficially, the supratrochlear and infratrochlear nerves; deeper, the branches of the oculomotor nerve, the ophthalmic nerve. (Chinese acupuncture and moxibustion, 1999)","","","TARA:hasRelatedNerve","","","",""
"BL 2","BL 2","The medial branch of the frontal nerve. (Chinese acupuncture and moxibustion, 1999)","","","TARA:hasRelatedNerve","","","",""
"BL 3","BL 3","","","","TARA:hasRelatedNerve","","","",""
"BL 4","BL 4","The lateral branch of the frontal nerve. (Chinese acupuncture and moxibustion, 1999)","","","TARA:hasRelatedNerve","","","",""
"BL 5","BL 5","","","","TARA:hasRelatedNerve","","","",""
"BL 6","BL 6","The anastomotic branch of the lateral branch of the frontal nerve and the great occipital nerve. (Chinese acupuncture and moxibustion, 1999)","","","TARA:hasRelatedNerve","","","",""
"BL 7","BL 7","The branch of the great occipital nerve. (Chinese acupuncture and moxibustion, 1999)","","","TARA:hasRelatedNerve","","","",""
"BL 8","BL 8","The branch of the great occipital nerve. (Chinese acupuncture and moxibustion, 1999)","","","TARA:hasRelatedNerve","","","",""
"BL 9","BL 9","The branch of the great occipital nerve. (Chinese acupuncture and moxibustion, 1999)","","","TARA:hasRelatedNerve","","","",""
"BL 10","BL 10","The great occipital nerve. (Chinese acupuncture and moxibustion, 1999)","","","TARA:hasRelatedNerve","","","",""
"BL 11","BL 11","The medial cutaneous branches of the posterior rami of the first and second thoracic nerves; deeper, their lateral cutaneous branches. (Chinese acupuncture and moxibustion, 1999)","","","TARA:hasRelatedNerve","","","",""
"BL 12","BL 12","Superficially, the medial cutaneous branches of the posterior rami of the second and third thoracic nerves; deeper, their lateral cutaneous branches. (Chinese acupuncture and moxibustion, 1999)","","","TARA:hasRelatedNerve","","","",""
"BL 13","BL 13","The medial cutaneous branches of the posterior rami of the third and fourth thoracic nerves; deeper, their lateral branches. (Chinese acupuncture and moxibustion, 1999)","","","TARA:hasRelatedNerve","","","",""
"BL 14","BL 14","The medial cutaneous branches of the posterior rami of the fourth or fifth thoracic nerves; deeper, their lateral branches. (Chinese acupuncture and moxibustion, 1999)","","","TARA:hasRelatedNerve","","","",""
"BL 15","BL 15","The medial cutaneous branches of the posterior rami of the fifth and sixth thoracic nerves; deeper, their lateral branches. (Chinese acupuncture and moxibustion, 1999)","","","TARA:hasRelatedNerve","","","",""
"BL 16","BL 16","The dorsal scapular nerve, the medial cutaneous branches of the dorsal rami of the sixth and seventh thoracic nerves; deeper, their lateral branches.","","","TARA:hasRelatedNerve","","","",""
"BL 17","BL 17","The medial branches of the posterior rami of the seventh and eighth thoracic nerves; deeper, their lateral branches. (Chinese acupuncture and moxibustion, 1999)","","","TARA:hasRelatedNerve","","","",""
"BL 18","BL 18","The medial cutaneous branches of the posterior rami of the ninth and tenth thoracic nerves; deeper, their lateral branches. (Chinese acupuncture and moxibustion, 1999)","","","TARA:hasRelatedNerve","","","",""
"BL 19","BL 19","The medial cutaneous branches of the posterior rami of the tenth and eleventh thoracic nerves; deeper, their lateral branches. (Chinese acupuncture and moxibustion, 1999)","","","TARA:hasRelatedNerve","","","",""
"BL 20","BL 20","The medial cutaneous branches of the posterior rami of the eleventh and twelfth thoracic nerves; deeper, their lateral branches. (Chinese acupuncture and moxibustion, 1999)","","","TARA:hasRelatedNerve","","","",""
"BL 21","BL 21","The medial cutaneous branch of the posterior ramus of the twelfth thoracic nerve; deeper, its lateral branch. (Chinese acupuncture and moxibustion, 1999)","","","TARA:hasRelatedNerve","","","",""
"BL 22","BL 22","The lateral cutaneous branch of the posterior ramus of the tenth thoracic nerve; deeper, the lateral branch of the posterior ramus of the first lumbar nerve. (Chinese acupuncture and moxibustion, 1999)","","","TARA:hasRelatedNerve","","","",""
"BL 23","BL 23","The lateral branch of the posterior ramus of the first lumbar nerve; deeper, its lateral branch. (Chinese acupuncture and moxibustion, 1999)","","","TARA:hasRelatedNerve","","","",""
"BL 24","BL 24","The lateral cutaneous branch of the posterior ramus of the second lumbar nerve. (Chinese acupuncture and moxibustion, 1999)","","","TARA:hasRelatedNerve","","","",""
"BL 25","BL 25","The posterior ramus of the third lumbar nerve. (Chinese acupuncture and moxibustion, 1999)","","","TARA:hasRelatedNerve","","","",""
"BL 26","BL 26","The posterior ramus of the fifth lumbar nerve.","","","TARA:hasRelatedNerve","","","",""
"BL 27","BL 27","The lateral branch of the posterior ramus of the first sacral nerve.","","","TARA:hasRelatedNerve","","","",""
"BL 28","BL 28","The lateral branches of the posterior rami of the first and second sacral nerves.","","","TARA:hasRelatedNerve","","","",""
"BL 29","BL 29","The lateral branches of the posterior rami of the third and fourth sacral nerves. (Chinese acupuncture and moxibustion, 1999)","","","TARA:hasRelatedNerve","","","",""
"BL 30","BL 30","The lateral branches of the posterior rami of the third and fourth sacral nerves, the inferior gluteal nerve. (Chinese acupuncture and moxibustion, 1999)","","","TARA:hasRelatedNerve","","","",""
"BL 31","BL 31","At the site where the posterior ramus of the first sacral nerve passes. (Chinese acupuncture and moxibustion, 1999)","","","TARA:hasRelatedNerve","","","",""
"BL 32","BL 32","The posterior ramus of the second sacral nerve. (Chinese acupuncture and moxibustion, 1999)","","","TARA:hasRelatedNerve","","","",""
"BL 33","BL 33","On the course of the posterior ramus of the third sacral nerve. (Chinese acupuncture and moxibustion, 1999)","","","TARA:hasRelatedNerve","","","",""
"BL 34","BL 34","On the course of the posterior ramus of the fourth sacral nerve. (Chinese acupuncture and moxibustion, 1999)","","","TARA:hasRelatedNerve","","","",""
"BL 35","BL 35","The coccygeal nerve. (Chinese acupuncture and moxibustion, 1999)","","","TARA:hasRelatedNerve","","","",""
"BL 36","BL 36","The posterior femoral cutaneous nerve; deeper, the sciatic nerve. (Chinese acupuncture and moxibustion, 1999)","","","TARA:hasRelatedNerve","","","",""
"BL 37","BL 37","The posterior femoral cutaneous nerve; deeper, the sciatic nerve. (Chinese acupuncture and moxibustion, 1999)","","","TARA:hasRelatedNerve","","","",""
"BL 38","BL 38","The posterior femoral cutaneous nerve and the common peroneal nerve. (Chinese acupuncture and moxibustion, 1999)","","","TARA:hasRelatedNerve","","","",""
"BL 39","BL 39","","","","TARA:hasRelatedNerve","","","",""
"BL 40","BL 40","The posterior femoral cutaneous nerve, the tibial nerve. (Chinese acupuncture and moxibustion, 1999)","","","TARA:hasRelatedNerve","","","",""
"BL 41","BL 41","The lateral branches of the posterior rami of the first and second thoracic nerves; deeper, the dorsal scapular nerve. (Chinese acupuncture and moxibustion, 1999)","","","TARA:hasRelatedNerve","","","",""
"BL 42","BL 42","","","","TARA:hasRelatedNerve","","","",""
"BL 43","BL 43","The medial cutaneous branches of the posterior rami of the second and third thoracic nerves; deeper, their lateral branches and the dorsoscapular nerve. (Chinese acupuncture and moxibustion, 1999)","","","TARA:hasRelatedNerve","","","",""
"BL 44","BL 44","The medial cutaneous branches of the posterior rami of the fourth and fifth thoracic nerves; deeper, their lateral branches and the dorsoscapular nerve. (Chinese acupuncture and moxibustion, 1999)","","","TARA:hasRelatedNerve","","","",""
"BL 45","BL 45","The medial cutaneous branches of the posterior rami of the fifth and sixth thoracic nerves; deeper, their lateral branches. (Chinese acupuncture and moxibustion, 1999)","","","TARA:hasRelatedNerve","","","",""
"BL 46","BL 46","The medial cutaneous branches of the posterior rami of the sixth and seventh thoracic nerves; deeper, their lateral branches. (Chinese acupuncture and moxibustion, 1999)","","","TARA:hasRelatedNerve","","","",""
"BL 47","BL 47","","","","TARA:hasRelatedNerve","","","",""
"BL 48","BL 48","","","","TARA:hasRelatedNerve","","","",""
"BL 49","BL 49","The lateral branches of the posterior rami of the tenth and eleventh thoracic nerves. (Chinese acupuncture and moxibustion, 1999)","","","TARA:hasRelatedNerve","","","",""
"BL 50","BL 50","The lateral cutaneous branches of the posterior ramus of the eleventh thoracic nerve. (Chinese acupuncture and moxibustion, 1999)","","","TARA:hasRelatedNerve","","","",""
"BL 51","BL 51","The lateral branch of the posterior ramus of the twelfth thoracic nerve. (Chinese acupuncture and moxibustion, 1999)","","","TARA:hasRelatedNerve","","","",""
"BL 52","BL 52","The lateral branch of the posterior ramus of the twelfth thoracic nerve and the lateral branch of the first lumbar nerve. (Chinese acupuncture and moxibustion, 1999)","","","TARA:hasRelatedNerve","","","",""
"BL 53","BL 53","The superior cluneal nerves; deeper, the superior gluteal nerve. (Chinese acupuncture and moxibustion, 1999)","","","TARA:hasRelatedNerve","","","",""
"BL 54","BL 54","The inferior gluteal nerve, the posterior femoral cutaneous nerve and the sciatic nerve. (Chinese acupuncture and moxibustion, 1999)","","","TARA:hasRelatedNerve","","","",""
"BL 55","BL 55","The medial sural cutaneous nerve; deeper, the tibial nerve. (Chinese acupuncture and moxibustion, 1999)","","","TARA:hasRelatedNerve","","","",""
"BL 56","BL 56","The medial sural cutaneous nerve; deeper, the tibial nerve. (Chinese acupuncture and moxibustion, 1999)","","","TARA:hasRelatedNerve","","","",""
"BL 57","BL 57","","","","TARA:hasRelatedNerve","","","",""
"BL 58","BL 58","","","","TARA:hasRelatedNerve","","","",""
"BL 59","BL 59","The sural nerve. (Chinese acupuncture and moxibustion, 1999)","","","TARA:hasRelatedNerve","","","",""
"BL 60","BL 60","The sural nerve. (Chinese acupuncture and moxibustion, 1999)","","","TARA:hasRelatedNerve","","","",""
"BL 61","BL 61","The external calcaneal branch of the sural nerve. (Chinese acupuncture and moxibustion, 1999)","","","TARA:hasRelatedNerve","","","",""
"BL 62","BL 62","The sural nerve. (Chinese acupuncture and moxibustion, 1999)","","","TARA:hasRelatedNerve","","","",""
"BL 63","BL 63","The lateral dorsal cutaneous nerve of foot; deeper, the lateral plantar nerve. (Chinese acupuncture and moxibustion, 1999)","","","TARA:hasRelatedNerve","","","",""
"BL 64","BL 64","","","","TARA:hasRelatedNerve","","","",""
"BL 65","BL 65","The fourth common plantar digital nerve and the lateral dorsal cutaneous nerve of foot. (Chinese acupuncture and moxibustion, 1999)","","","TARA:hasRelatedNerve","","","",""
"BL 66","BL 66","The plantar digital proprial nerve and the lateral dorsal cutaneous nerve of foot. (Chinese acupuncture and moxibustion, 1999)","","","TARA:hasRelatedNerve","","","",""
"BL 67","BL 67","The plantar digital proprial nerve and the lateral dorsal cutaneous nerve of foot. (Chinese acupuncture and moxibustion, 1999)","","","TARA:hasRelatedNerve","","","",""
"","","","","","TARA:hasRelatedNerve","","","",""
"KI 1","KI 1","The second common plantar digital nerve. (Chinese acupuncture and moxibustion, 1999)","","","TARA:hasRelatedNerve","","","",""
"KI 2","KI 2","The terminal branch of the medial crural cutaneous nerve, the medial plantar nerve. (Chinese acupuncture and moxibustion, 1999)","","","TARA:hasRelatedNerve","","","",""
"KI 3","KI 3","","","","TARA:hasRelatedNerve","","","",""
"KI 4","KI 4","The medial crural cutaneous nerve, on the course of the medial calcaneal ramus derived from the tibial nerve. (Chinese acupuncture and moxibustion, 1999)","","","TARA:hasRelatedNerve","","","",""
"KI 5","KI 5","","","","TARA:hasRelatedNerve","","","",""
"KI 6","KI 6","The medial crural cutaneous nerve; deeper, the tibial nerve. (Chinese acupuncture and moxibustion, 1999)","","","TARA:hasRelatedNerve","","","",""
"KI 7","KI 7","The medial sural and medial crural cutaneous nerves; deeper, the tibial nerve. (Chinese acupuncture and moxibustion, 1999)","","","TARA:hasRelatedNerve","","","",""
"KI 8","KI 8","The medial crural cutaneous nerve; deeper, the tibial nerve. (Chinese acupuncture and moxibustion, 1999)","","","TARA:hasRelatedNerve","","","",""
"KI 9","KI 9","The medial sural and medial crural cutaneous nerves, deeper, the tibial nerve. (Chinese acupuncture and moxibustion, 1999)","","","TARA:hasRelatedNerve","","","",""
"KI 10","KI 10","The medial femoral cutaneous nerve. (Chinese acupuncture and moxibustion, 1999)","","","TARA:hasRelatedNerve","","","",""
"KI 11","KI 11","The branch of the iliohypogastric nerve. (Chinese acupuncture and moxibustion, 1999)","","","TARA:hasRelatedNerve","","","",""
"KI 12","KI 12","The branches of subcostal nerve and the iliohypogastric nerve. (Chinese acupuncture and moxibustion, 1999)","","","TARA:hasRelatedNerve","","","",""
"KI 13","KI 13","The subcostal nerve. (Chinese acupuncture and moxibustion, 1999)","","","TARA:hasRelatedNerve","","","",""
"KI 14","KI 14","The eleventh intercostal nerve. (Chinese acupuncture and moxibustion, 1999)","","","TARA:hasRelatedNerve","","","",""
"KI 15","KI 15","The tenth intercostal nerve. (Chinese acupuncture and moxibustion, 1999)","","","TARA:hasRelatedNerve","","","",""
"KI 16","KI 16","The tenth intercostal nerve. (Chinese acupuncture and moxibustion, 1999)","","","TARA:hasRelatedNerve","","","",""
"KI 17","KI 17","The ninth intercostal nerve. (Chinese acupuncture and moxibustion, 1999)","","","TARA:hasRelatedNerve","","","",""
"KI 18","KI 18","The eighth intercostal nerve. (Chinese acupuncture and moxibustion, 1999)","","","TARA:hasRelatedNerve","","","",""
"KI 19","KI 19","","","","TARA:hasRelatedNerve","","","",""
"KI 20","KI 20","","","","TARA:hasRelatedNerve","","","",""
"KI 21","KI 21","The seventh intercostal nerve. (Chinese acupuncture and moxibustion, 1999)","","","TARA:hasRelatedNerve","","","",""
"KI 22","KI 22","The anterior cutaneous branch of the fifth intercostal nerve; deeper, the fifth intercostal nerve. (Chinese acupuncture and moxibustion, 1999)","","","TARA:hasRelatedNerve","","","",""
"KI 23","KI 23","The anterior cutaneous branch of the fourth intercostal nerve; deeper, the fourth intercostal nerve. (Chinese acupuncture and moxibustion, 1999)","","","TARA:hasRelatedNerve","","","",""
"KI 24","KI 24","The anterior cutaneous branch of the third intercostal nerve; deeper, the third intercostal nerve. (Chinese acupuncture and moxibustion, 1999)","","","TARA:hasRelatedNerve","","","",""
"KI 25","KI 25","The anterior cutaneous branch of the second intercostal nerve; deeper, the second intercostal nerve. (Chinese acupuncture and moxibustion, 1999)","","","TARA:hasRelatedNerve","","","",""
"KI 26","KI 26","The anterior cutaneous branch of the first intercostal nerve, the medial supraclavicular nerve; the first intercostal nerve. (Chinese acupuncture and moxibustion, 1999)","","","TARA:hasRelatedNerve","","","",""
"KI 27","KI 27","The medial supraclavicular nerve. (Chinese acupuncture and moxibustion, 1999)","","","TARA:hasRelatedNerve","","","",""
"","","","","","TARA:hasRelatedNerve","","","",""
"PC 1","PC 1","The muscular branch of the anterior thoracic nerve, the fourth intercostal nerve (Chinese acupuncture and moxibustion, 1999)","","","TARA:hasRelatedNerve","","","",""
"PC 2","PC 2","The medial brachial cutaneous nerve and the musculocutaneous nerve. (Chinese acupuncture and moxibustion, 1999)","","","TARA:hasRelatedNerve","","","",""
"PC 3","PC 3","The median nerve. (Chinese acupuncture and moxibustion, 1999)","","","TARA:hasRelatedNerve","","","",""
"PC 4","PC 4","The medial antebrachial cutaneous nerve; deeper, the median nerve; deepest, the anterior interosseous nerve. (Chinese acupuncture and moxibustion, 1999)","","","TARA:hasRelatedNerve","","","",""
"PC 5","PC 5","The medial and lateral antebrachial cutaneous nerves, the palmar cutaneous branch of the median nerve; deeper, the anterior interosseous nerve. (Chinese acupuncture and moxibustion, 1999)","","","TARA:hasRelatedNerve","","","",""
"PC 6","PC 6","","","","TARA:hasRelatedNerve","","","",""
"PC 7","PC 7","Deeper, the median nerve. (Chinese acupuncture and moxibustion, 1999)","","","TARA:hasRelatedNerve","","","",""
"PC 8","PC 8","The second common palmar digital nerve of the median nerve. (Chinese acupuncture and moxibustion, 1999)","","","TARA:hasRelatedNerve","","","",""
"PC 9","PC 9","The palmar digital proprial nerve of the median nerve. (Chinese acupuncture and moxibustion, 1999)","","","TARA:hasRelatedNerve","","","",""
"","","","","","TARA:hasRelatedNerve","","","",""
"TE 1","TE 1","The palmar digital proprial nerve derived from the ulnar nerve. (Chinese acupuncture and moxibustion, 1999)","","","TARA:hasRelatedNerve","","","",""
"TE 2","TE 2","The dorsal branch of the ulnar nerve. (Chinese acupuncture and moxibustion, 1999)","","","TARA:hasRelatedNerve","","","",""
"TE 3","TE 3","The dorsal branch of the ulnar nerve. (Chinese acupuncture and moxibustion, 1999)","","","TARA:hasRelatedNerve","","","",""
"TE 4","TE 4","The terminal branch of the posterior antebrachial cutaneous nerve and the dorsal branch of the ulnar nerve. (Chinese acupuncture and moxibustion, 1999)","","","TARA:hasRelatedNerve","","","",""
"TE 5","TE 5","The posterior antebrachial cutaneous nerve; deeper, the posterior interosseous nerve and the anterior interosseous nerve. (Chinese acupuncture and moxibustion, 1999)","","","TARA:hasRelatedNerve","","","",""
"TE 6","TE 6","","","","TARA:hasRelatedNerve","","","",""
"TE 7","TE 7","The posterior and medial antebrachial cutaneous nerves; deeper, the posterior and anterior interosseous nerves. (Chinese acupuncture and moxibustion, 1999)","","","TARA:hasRelatedNerve","","","",""
"TE 8","TE 8","","","","TARA:hasRelatedNerve","","","",""
"TE 9","TE 9","","","","TARA:hasRelatedNerve","","","",""
"TE 10","TE 10","The posterior brachial cutaneous nerve and the muscular branch of the radial nerve. (Chinese acupuncture and moxibustion, 1999)","","","TARA:hasRelatedNerve","","","",""
"TE 11","TE 11","The posterior brachial cutaneous nerve and the muscular branch of the radial nerve.","","","TARA:hasRelatedNerve","","","",""
"TE 12","TE 12","The posterior brachial cutaneous nerve and the muscular branch of the radial nerve. (Chinese acupuncture and moxibustion, 1999)","","","TARA:hasRelatedNerve","","","",""
"TE 13","TE 13","The posterior brachial cutaneous nerve, the muscular branch of the radial nerve; deeper, the radial nerve. (Chinese acupuncture and moxibustion, 1999)","","","TARA:hasRelatedNerve","","","",""
"TE 14","TE 14","The muscular branch of the axillary nerve. (Chinese acupuncture and moxibustion, 1999)","","","TARA:hasRelatedNerve","","","",""
"TE 15","TE 15","The accessory nerve and the branch of the suprascapular nerve. (Chinese acupuncture and moxibustion, 1999)","","","TARA:hasRelatedNerve","","","",""
"TE 16","TE 16","The lesser occipital nerve. (Chinese acupuncture and moxibustion, 1999)","","","TARA:hasRelatedNerve","","","",""
"TE 17","TE 17","The great auricular nerve; deeper, the site where the facial nerve perforates out of the stylomastoid foramen. (Chinese acupuncture and moxibustion, 1999)","","","TARA:hasRelatedNerve","","","",""
"TE 18","TE 18","The posterior auricular branch of the great auricular nerve. (Chinese acupuncture and moxibustion, 1999)","","","TARA:hasRelatedNerve","","","",""
"TE 19","TE 19","The anastomotic branch of the great auricular nerve and the lesser occipital nerve. (Chinese acupuncture and moxibustion, 1999)","","","TARA:hasRelatedNerve","","","",""
"TE 20","TE 20","","","","TARA:hasRelatedNerve","","","",""
"TE 21","TE 21","The branches of the auriculotemporal nerve and facial nerve. (Chinese acupuncture and moxibustion, 1999)","","","TARA:hasRelatedNerve","","","",""
"TE 22","TE 22","The branch of the auriculotemporal nerve, on the course of the temporal branch of the facial nerve. (Chinese acupuncture and moxibustion, 1999)","","","TARA:hasRelatedNerve","","","",""
"TE 23","TE 23","The zygomatic branch of the facial nerve and the branch of the auriculotemporal nerve. (Chinese acupuncture and moxibustion, 1999)","","","TARA:hasRelatedNerve","","","",""
"","","","","","TARA:hasRelatedNerve","","","",""
"GB 1","GB 1","The zygomaticofacial and zygomaticotemporal nerve, the temporal branch of the facial nerve. (Chinese acupuncture and moxibustion, 1999)","","","TARA:hasRelatedNerve","","","",""
"GB 2","GB 2","The great auricular nerve and facial nerve. (Chinese acupuncture and moxibustion, 1999)","","","TARA:hasRelatedNerve","","","",""
"GB 3","GB 3","The zygomatic branch of the facial nerve and the zygomaticofacial nerve. (Chinese acupuncture and moxibustion, 1999)","","","TARA:hasRelatedNerve","","","",""
"GB 4","GB 4","The temporal branch of the auriculotemporal nerve. (Chinese acupuncture and moxibustion, 1999)","","","TARA:hasRelatedNerve","","","",""
"GB 5","GB 5","","","","TARA:hasRelatedNerve","","","",""
"GB 6","GB 6","","","","TARA:hasRelatedNerve","","","",""
"GB 7","GB 7","","","","TARA:hasRelatedNerve","","","",""
"GB 8","GB 8","The anastomotic branch of the auriculotemporal nerve and great occipital nerve. (Chinese acupuncture and moxibustion, 1999)","","","TARA:hasRelatedNerve","","","",""
"GB 9","GB 9","The branch of the great occipital nerve. (Chinese acupuncture and moxibustion, 1999)","","","TARA:hasRelatedNerve","","","",""
"GB 10","GB 10","","","","TARA:hasRelatedNerve","","","",""
"GB 11","GB 11","The anastomotic branch of the great and lesser occipital nerves. (Chinese acupuncture and moxibustion, 1999)","","","TARA:hasRelatedNerve","","","",""
"GB 12","GB 12","The lesser occipital nerve. (Chinese acupuncture and moxibustion, 1999)","","","TARA:hasRelatedNerve","","","",""
"GB 13","GB 13","The lateral branch of the frontal nerve. (Chinese acupuncture and moxibustion, 1999)","","","TARA:hasRelatedNerve","","","",""
"GB 14","GB 14","The lateral branch of the frontal nerve. (Chinese acupuncture and moxibustion, 1999)","","","TARA:hasRelatedNerve","","","",""
"GB 15","GB 15","The anastomotic branch of the medial and lateral branches of the frontal nerve. (Chinese acupuncture and moxibustion, 1999)","","","TARA:hasRelatedNerve","","","",""
"GB 16","GB 16","The anastomotic branch of the medial and lateral branches of the frontal nerve. (Chinese acupuncture and moxibustion, 1999)","","","TARA:hasRelatedNerve","","","",""
"GB 17","GB 17","The anastomotic branch of the frontal and great occipital nerves. (Chinese acupuncture and moxibustion, 1999)","","","TARA:hasRelatedNerve","","","",""
"GB 18","GB 18","The branch of the great occipital nerve.","","","TARA:hasRelatedNerve","","","",""
"GB 19","GB 19","","","","TARA:hasRelatedNerve","","","",""
"GB 20","GB 20","The branch of the lesser occipital nerve. (Chinese acupuncture and moxibustion, 1999)","","","TARA:hasRelatedNerve","","","",""
"GB 21","GB 21","The posterior branch of the supraclavicular nerve, the accessory nerve. (Chinese acupuncture and moxibustion, 1999)","","","TARA:hasRelatedNerve","","","",""
"GB 22","GB 22","The lateral cutaneous branch of the fifth intercostal nerve, the branch of the long thoracic nerve. (Chinese acupuncture and moxibustion, 1999)","","","TARA:hasRelatedNerve","","","",""
"GB 23","GB 23","The lateral cutaneous branch of the fifth intercostal nerve. (Chinese acupuncture and moxibustion, 1999)","","","TARA:hasRelatedNerve","","","",""
"GB 24","GB 24","The seventh intercostal nerve. (Chinese acupuncture and moxibustion, 1999)","","","TARA:hasRelatedNerve","","","",""
"GB 24 M","GB 24 (Male)","The seventh intercostal nerve. (Chinese acupuncture and moxibustion, 1999)","","","TARA:hasRelatedNerve","","","",""
"GB 24 F","GB 24 (Female)","The seventh intercostal nerve. (Chinese acupuncture and moxibustion, 1999)","","","TARA:hasRelatedNerve","","","",""
"GB 25","GB 25","The eleventh intercostal nerve. (Chinese acupuncture and moxibustion, 1999)","","","TARA:hasRelatedNerve","","","",""
"GB 26","GB 26","The subcostal nerve. (Chinese acupuncture and moxibustion, 1999)","","","TARA:hasRelatedNerve","","","",""
"GB 27","GB 27","The iliohypogastric nerve. (Chinese acupuncture and moxibustion, 1999)","","","TARA:hasRelatedNerve","","","",""
"GB 28","GB 28","The ilioinguinal nerve. (Chinese acupuncture and moxibustion, 1999)","","","TARA:hasRelatedNerve","","","",""
"GB 29","GB 29","The lateral femoral cutaneous nerve. (Chinese acupuncture and moxibustion, 1999)","","","TARA:hasRelatedNerve","","","",""
"GB 30","GB 30","The inferior gluteal cutaneous nerve, the inferior gluteal nerve; deeper, the sciatic nerve. (Chinese acupuncture and moxibustion, 1999)","","","TARA:hasRelatedNerve","","","",""
"GB 31","GB 31","The lateral femoral cutaneous nerve, the muscular branch of the femoral nerve. (Chinese acupuncture and moxibustion, 1999)","","","TARA:hasRelatedNerve","","","",""
"GB 32","GB 32","","","","TARA:hasRelatedNerve","","","",""
"GB 33","GB 33","The terminal branch of the lateral femoral cutaneous nerve. (Chinese acupuncture and moxibustion, 1999)","","","TARA:hasRelatedNerve","","","",""
"GB 34","GB 34","Just where the common peroneal nerve bifurcates into the superficial and deep peroneal nerves.","","","TARA:hasRelatedNerve","","","",""
"GB 35","GB 35","The lateral sural cutaneous nerve. (Chinese acupuncture and moxibustion, 1999)","","","TARA:hasRelatedNerve","","","",""
"GB 36","GB 36","The superficial peroneal nerve. (Chinese acupuncture and moxibustion, 1999)","","","TARA:hasRelatedNerve","","","",""
"GB 37","GB 37","The superficial peroneal nerve. (Chinese acupuncture and moxibustion, 1999)","","","TARA:hasRelatedNerve","","","",""
"GB 38","GB 38","","","","TARA:hasRelatedNerve","","","",""
"GB 39","GB 39","","","","TARA:hasRelatedNerve","","","",""
"GB 40","GB 40","The branches of the intermediate dorsal cutaneous nerve and superficial peroneal nerve. (Chinese acupuncture and moxibustion, 1999)","","","TARA:hasRelatedNerve","","","",""
"GB 41","GB 41","The branch of the intermediate dorsal cutaneous nerve of the foot. (Chinese acupuncture and moxibustion, 1999)","","","TARA:hasRelatedNerve","","","",""
"GB 42","GB 42","","","","TARA:hasRelatedNerve","","","",""
"GB 43","GB 43","The dorsal digital nerve. (Chinese acupuncture and moxibustion, 1999)","","","TARA:hasRelatedNerve","","","",""
"GB 44","GB 44","The dorsal digital nerve. (Chinese acupuncture and moxibustion, 1999)","","","TARA:hasRelatedNerve","","","",""
"","","","","","TARA:hasRelatedNerve","","","",""
"LR 1","LR 1","The dorsal digital nerve derived from the deep peroneal nerve. (Chinese acupuncture and moxibustion, 1999)","","","TARA:hasRelatedNerve","","","",""
"LR 2","LR 2","The site where the dorsal digital nerves split from the lateral dorsal metatarsal nerve of the deep peroneal nerve. (Chinese acupuncture and moxibustion, 1999)","","","TARA:hasRelatedNerve","","","",""
"LR 3","LR 3","The branch of the deep peroneal nerve. (Chinese acupuncture and moxibustion, 1999)","","","TARA:hasRelatedNerve","","","",""
"LR 4","LR 4","The branch of the medial dorsal cutaneous nerve of the foot and the saphenous nerve. (Chinese acupuncture and moxibustion, 1999)","","","TARA:hasRelatedNerve","","","",""
"LR 5","LR 5","The branch of the saphenous nerve. (Chinese acupuncture and moxibustion, 1999)","","","TARA:hasRelatedNerve","","","",""
"LR 6","LR 6","The branch of the saphenous nerve. (Chinese acupuncture and moxibustion, 1999)","","","TARA:hasRelatedNerve","","","",""
"LR 7","LR 7","The branch of the medial sural cutaneous nerve; deeper, the tibial nerve.","","","TARA:hasRelatedNerve","","","",""
"LR 8","LR 8","The saphenous. (Chinese acupuncture and moxibustion, 1999)","","","TARA:hasRelatedNerve","","","",""
"LR 9","LR 9","The anterior femoral cutaneous nerve, on the pathway of the anterior branch of the obturator nerve. (Chinese acupuncture and moxibustion, 1999)","","","TARA:hasRelatedNerve","","","",""
"LR 10","LR 10","The genitofemoral nerve, the anterior femoral cutaneous nerve; deeper, the anterior branch of the obturator nerve. (Chinese acupuncture and moxibustion, 1999)","","","TARA:hasRelatedNerve","","","",""
"LR 11","LR 11","The genitofemoral nerve, the branch of the medial femoral cutaneous nerve; deeper, the anterior branch of the obturator nerve. (Chinese acupuncture and moxibustion, 1999)","","","TARA:hasRelatedNerve","","","",""
"LR 12","LR 12","The ilioinguinal nerve; deeper, in the inferior aspect, the anterior branch of the obturator nerve. (Chinese acupuncture and moxibustion, 1999)","","","TARA:hasRelatedNerve","","","",""
"LR 13","LR 13","Slightly inferiorly, the tenth intercostal nerve. (Chinese acupuncture and moxibustion, 1999)","","","TARA:hasRelatedNerve","","","",""
"LR 14","LR 14","The sixth intercostal nerve. (Chinese acupuncture and moxibustion, 1999)","","","TARA:hasRelatedNerve","","","",""
"LR 14 M","LR 14 (Male)","The sixth intercostal nerve. (Chinese acupuncture and moxibustion, 1999)","","","TARA:hasRelatedNerve","","","",""
"LR 14 F","LR 14 (Female)","The sixth intercostal nerve. (Chinese acupuncture and moxibustion, 1999)","","","TARA:hasRelatedNerve","","","",""
"","","","","","TARA:hasRelatedNerve","","","",""
"Du 1","GV 1","The posterior ramus of the coccygeal nerve, the hemorrhoid nerve. (Chinese acupuncture and moxibustion, 1999)","","","TARA:hasRelatedNerve","","","",""
"Du 2","GV 2","The branch of the coccygeal nerve. (Chinese acupuncture and moxibustion, 1999)","","","TARA:hasRelatedNerve","","","",""
"Du 3","GV 3","The medial branch of the posterior ramus of the lumbar nerve.","","","TARA:hasRelatedNerve","","","",""
"Du 4","GV 4","","","","TARA:hasRelatedNerve","","","",""
"Du 5","GV 5","","","","TARA:hasRelatedNerve","","","",""
"Du 6","GV 6","The medial branch of the posterior ramus of the eleventh thoracic nerve. (Chinese acupuncture and moxibustion, 1999)","","","TARA:hasRelatedNerve","","","",""
"Du 7","GV 7","The medial branch of the posterior ramus of the tenth thoracic nerve. (Chinese acupuncture and moxibustion, 1999)","","","TARA:hasRelatedNerve","","","",""
"Du 8","GV 8","The medial branch of the posterior ramus of the ninth thoracic nerve. (Chinese acupuncture and moxibustion, 1999)","","","TARA:hasRelatedNerve","","","",""
"Du 9","GV 9","The medial branch of the posterior ramus of the seventh thoracic nerve. (Chinese acupuncture and moxibustion, 1999)","","","TARA:hasRelatedNerve","","","",""
"Du 10","GV 10","The medial branch of the posterior ramus of the thoracic nerve. (Chinese acupuncture and moxibustion, 1999)","","","TARA:hasRelatedNerve","","","",""
"Du 11","GV 11","The medial branch of the posterior ramus of the fifth thoracic nerve. (Chinese acupuncture and moxibustion, 1999)","","","TARA:hasRelatedNerve","","","",""
"Du 12","GV 12","The medial branch of the posterior ramus of the third thoracic nerve. (Chinese acupuncture and moxibustion, 1999)","","","TARA:hasRelatedNerve","","","",""
"Du 13","GV 13","The medial branch of the posterior ramus of the first thoracic nerve. (Chinese acupuncture and moxibustion, 1999)","","","TARA:hasRelatedNerve","","","",""
"Du 14","GV 14","The posterior ramus of the eighth cervical nerve and the medial branch of the posterior ramus of the first thoracic nerve. (Chinese acupuncture and moxibustion, 1999)","","","TARA:hasRelatedNerve","","","",""
"Du 15","GV 15","The third occipital nerve. (Chinese acupuncture and moxibustion, 1999)","","","TARA:hasRelatedNerve","","","",""
"Du 16","GV 16","The branches of the third cervical nerve and the great occipital nerve. (Chinese acupuncture and moxibustion, 1999)","","","TARA:hasRelatedNerve","","","",""
"Du 17","GV 17","The branch of the great occipital nerve. (Chinese acupuncture and moxibustion, 1999)","","","TARA:hasRelatedNerve","","","",""
"Du 18","GV 18","","","","TARA:hasRelatedNerve","","","",""
"Du 19","GV 19","","","","TARA:hasRelatedNerve","","","",""
"Du 20","GV 20","The branch of the great occipital nerve. (Chinese acupuncture and moxibustion, 1999)","","","TARA:hasRelatedNerve","","","",""
"Du 21","GV 21","On the communicating site of the branch of the frontal nerve with the branch of the great occipital nerve. (Chinese acupuncture and moxibustion, 1999)","","","TARA:hasRelatedNerve","","","",""
"Du 22","GV 22","The branch of the frontal nerve. (Chinese acupuncture and moxibustion, 1999)","","","TARA:hasRelatedNerve","","","",""
"Du 23","GV 23","The branch of the frontal nerve. (Chinese acupuncture and moxibustion, 1999)","","","TARA:hasRelatedNerve","","","",""
"Du 24","GV 24","The branch of the frontal nerve. (Chinese acupuncture and moxibustion, 1999)","","","TARA:hasRelatedNerve","","","",""
"Du 25","GV 25","The external nasal branch of the anterior ethmoidal nerve. (Chinese acupuncture and moxibustion, 1999)","","","TARA:hasRelatedNerve","","","",""
"Du 26","GV 26","The buccal branch of the facial nerve, and the branch of the intraorbital nerve.","","","TARA:hasRelatedNerve","","","",""
"Du 27","GV 27","The buccal branch of the facial nerve, and the branch of the infraorbital nerve. (Chinese acupuncture and moxibustion, 1999)","","","TARA:hasRelatedNerve","","","",""
"Du 28","GV 28","The branch of the superior alveolar nerve. (Chinese acupuncture and moxibustion, 1999)","","","TARA:hasRelatedNerve","","","",""
"","","","","","TARA:hasRelatedNerve","","","",""
"RN 1","CV 1","The branch of the perineal nerve. (Chinese acupuncture and moxibustion, 1999)","","","TARA:hasRelatedNerve","","","",""
"RN 1 M","CV 1 (Male)","The branch of the perineal nerve. (Chinese acupuncture and moxibustion, 1999)","","","TARA:hasRelatedNerve","","","",""
"RN 1 F","CV 1 (Female)","The branch of the perineal nerve. (Chinese acupuncture and moxibustion, 1999)","","","TARA:hasRelatedNerve","","","",""
"RN 2","CV 2","The branch of the iliohypogastric nerve. (Chinese acupuncture and moxibustion, 1999)","","","TARA:hasRelatedNerve","","","",""
"RN 3","CV 3","The branch of the iliohypogastric nerve. (Chinese acupuncture and moxibustion, 1999)","","","TARA:hasRelatedNerve","","","",""
"RN 4","CV 4","The medial branch of the anterior cutaneous branch of the twelfth intercostal nerve. (Chinese acupuncture and moxibustion, 1999)","","","TARA:hasRelatedNerve","","","",""
"RN 5","CV 5","The anterior cutaneous branch of the eleventh intercostal nerve. (Chinese acupuncture and moxibustion, 1999)","","","TARA:hasRelatedNerve","","","",""
"RN 6","CV 6","","","","TARA:hasRelatedNerve","","","",""
"RN 7","CV 7","The anterior cutaneous branch of the tenth intercostal nerve. (Chinese acupuncture and moxibustion, 1999)","","","TARA:hasRelatedNerve","","","",""
"RN 8","CV 8","The anterior cutaneous branch of the tenth intercostal nerve. (Chinese acupuncture and moxibustion, 1999)","","","TARA:hasRelatedNerve","","","",""
"RN 9","CV 9","The anterior cutaneous branch of the eighth and ninth intercostal nerves. (Chinese acupuncture and moxibustion, 1999)","","","TARA:hasRelatedNerve","","","",""
"RN 10","CV 10","The anterior cutaneous branch of the eighth intercostal nerve. (Chinese acupuncture and moxibustion, 1999)","","","TARA:hasRelatedNerve","","","",""
"RN 11","CV 11","The anterior cutaneous branch of the eighth intercostal nerve. (Chinese acupuncture and moxibustion, 1999)","","","TARA:hasRelatedNerve","","","",""
"RN 12","CV 12","The anterior cutaneous branch of the seventh intercostal nerve. (Chinese acupuncture and moxibustion, 1999)","","","TARA:hasRelatedNerve","","","",""
"RN 13","CV 13","","","","TARA:hasRelatedNerve","","","",""
"RN 14","CV 14","","","","TARA:hasRelatedNerve","","","",""
"RN 15","CV 15","","","","TARA:hasRelatedNerve","","","",""
"RN 16","CV 16","The medial branch of the anterior cutaneous branch of the sixth intercostal nerve. (Chinese acupuncture and moxibustion, 1999)","","","TARA:hasRelatedNerve","","","",""
"RN 17","CV 17","The anterior cutaneous branch of the fourth intercostal nerve. (Chinese acupuncture and moxibustion, 1999)","","","TARA:hasRelatedNerve","","","",""
"RN 18","CV 18","The anterior cutaneous branch of the third intercostal nerve. (Chinese acupuncture and moxibustion, 1999)","","","TARA:hasRelatedNerve","","","",""
"RN 19","CV 19","The anterior cutaneous branch of the second intercostal nerve. (Chinese acupuncture and moxibustion, 1999)","","","TARA:hasRelatedNerve","","","",""
"RN 20","CV 20","The anterior cutaneous branch of the first intercostal nerve. (Chinese acupuncture and moxibustion, 1999)","","","TARA:hasRelatedNerve","","","",""
"RN 21","CV 21","The anterior branch of the supraclavicular nerve and the anterior cutaneous branch of the first intercostal nerve. (Chinese acupuncture and moxibustion, 1999)","","","TARA:hasRelatedNerve","","","",""
"RN 22","CV 22","The anterior branch of the supraclavicular nerve. (Chinese acupuncture and moxibustion, 1999)","","","TARA:hasRelatedNerve","","","",""
"RN 23","CV 23","The branch of the cutaneous cervical nerve, the hypoglossal nerve, and the branch of the glossopharyngeal nerve. (Chinese acupuncture and moxibustion, 1999)","","","TARA:hasRelatedNerve","","","",""
"RN 24","CV 24","The branch of the facial nerve. (Chinese acupuncture and moxibustion, 1999)","","","TARA:hasRelatedNerve","","","",""
"","","","","","TARA:hasRelatedNerve","","","",""
"","","","","","TARA:hasRelatedNerve","","","",""