Acupoint_IRI,Acupoint_CURIE,Acupoint_Label,Acupoint_Alt_Label
http://www.acupunctureresearch.org/tara/ontology/TARA_3480360,TARA:3480360,Anmian,N-HN 54
http://www.acupunctureresearch.org/tara/ontology/TARA_1460220,TARA:1460220,BL 1,"B 1, Bladder 1, UB 1, Urinary Bladder 1, Jingming"
http://www.acupunctureresearch.org/tara/ontology/TARA_0242146,TARA:0242146,BL 10,"B 10, Bladder 10, UB 10, Urinary Bladder 10, Tianzhu"
http://www.acupunctureresearch.org/tara/ontology/TARA_1985889,TARA:1985889,BL 11,"B 11, Bladder 11, Influential Point of Bone, UB 11, Urinary Bladder 11, Dazhu"
http://www.acupunctureresearch.org/tara/ontology/TARA_5468609,TARA:5468609,BL 12,"B 12, Bladder 12, UB 12, Urinary Bladder 12, Fengmen"
http://www.acupunctureresearch.org/tara/ontology/TARA_6050541,TARA:6050541,BL 13,"B 13, Back-Shu Point of the Lung, Bladder 13, UB 13, Urinary Bladder 13, Feishu"
http://www.acupunctureresearch.org/tara/ontology/TARA_9523348,TARA:9523348,BL 14,"B 14, Back-Shu Point of the Pericardium, Bladder 14, UB 14, Urinary Bladder 14, Jueyinshu"
http://www.acupunctureresearch.org/tara/ontology/TARA_5797983,TARA:5797983,BL 15,"B 15, Back-Shu Point of the Heart, Bladder 15, UB 15, Urinary Bladder 15, Xinshu"
http://www.acupunctureresearch.org/tara/ontology/TARA_1104010,TARA:1104010,BL 16,"B 16, Dushu, Bladder 16, UB 16, Urinary Bladder 16"
http://www.acupunctureresearch.org/tara/ontology/TARA_1124682,TARA:1124682,BL 17,"B 17, Bladder 17, Influential Point of Blood, UB 17, Urinary Bladder 17, Geshu"
http://www.acupunctureresearch.org/tara/ontology/TARA_9655874,TARA:9655874,BL 18,"B 18, Back-Shu Point of the Liver, Ganshu, Bladder 18, UB 18, Urinary Bladder 18"
http://www.acupunctureresearch.org/tara/ontology/TARA_6145687,TARA:6145687,BL 19,"B 19, Back-Shu Point of the Gallbladder, Bladder 19, UB 19, Urinary Bladder 19, Danshu"
http://www.acupunctureresearch.org/tara/ontology/TARA_8104948,TARA:8104948,BL 2,"B 2, Bladder 2, UB 2, Urinary Bladder 2, Zanzhu"
http://www.acupunctureresearch.org/tara/ontology/TARA_3283628,TARA:3283628,BL 20,"B 20, Back-Shu Point of the Spleen, Bladder 20, UB 20, Urinary Bladder 20, Pishu"
http://www.acupunctureresearch.org/tara/ontology/TARA_4839095,TARA:4839095,BL 21,"B 21, Back-Shu Point of the Stomach, Bladder 21, UB 21, Urinary Bladder 21, Weishu"
http://www.acupunctureresearch.org/tara/ontology/TARA_3963382,TARA:3963382,BL 22,"B 22, Sanjiaoshu, Back-Shu Point of Triple Energizer, Bladder 22, UB 22, Urinary Bladder 22"
http://www.acupunctureresearch.org/tara/ontology/TARA_0992296,TARA:0992296,BL 23,"B 23, Back-Shu Point of the Kidney, Bladder 23, Shenshu, UB 23, Urinary Bladder 23"
http://www.acupunctureresearch.org/tara/ontology/TARA_7357260,TARA:7357260,BL 24,"B 24, Bladder 24, UB 24, Urinary Bladder 24, Qihaishu"
http://www.acupunctureresearch.org/tara/ontology/TARA_0906448,TARA:0906448,BL 25,"B 25, Back-Shu Point of the Large Intestine, Bladder 25, Dachangshu, UB 25, Urinary Bladder 25"
http://www.acupunctureresearch.org/tara/ontology/TARA_4384020,TARA:4384020,BL 26,"B 26, Bladder 26, UB 26, Urinary Bladder 26, Guanyuanshu"
http://www.acupunctureresearch.org/tara/ontology/TARA_6929444,TARA:6929444,BL 27,"B 27, Back-Shu Point of the Small Intestine, Bladder 27, UB 27, Urinary Bladder 27, Xiaochangshu"
http://www.acupunctureresearch.org/tara/ontology/TARA_5318530,TARA:5318530,BL 28,"B 28, Back-Shu Point of the Bladder, Bladder 28, UB 28, Urinary Bladder 28, Pangguangshu"
http://www.acupunctureresearch.org/tara/ontology/TARA_3079460,TARA:3079460,BL 29,"B 29, Bladder 29, UB 29, Urinary Bladder 29, Zhonglushu"
http://www.acupunctureresearch.org/tara/ontology/TARA_1632803,TARA:1632803,BL 3,"B 3, Bladder 3, UB 3, Urinary Bladder 3, Meichong"
http://www.acupunctureresearch.org/tara/ontology/TARA_9128934,TARA:9128934,BL 30,"B 30, Bladder 30, UB 30, Urinary Bladder 30, Baihuanshu"
http://www.acupunctureresearch.org/tara/ontology/TARA_2465151,TARA:2465151,BL 31,"B 31, Bladder 31, UB 31, Urinary Bladder 31, Shangliao"
http://www.acupunctureresearch.org/tara/ontology/TARA_6742407,TARA:6742407,BL 32,"B 32, Bladder 32, UB 32, Urinary Bladder 32, Chiliao"
http://www.acupunctureresearch.org/tara/ontology/TARA_6927551,TARA:6927551,BL 33,"B 33, Bladder 33, UB 33, Urinary Bladder 33, Zhongliao"
http://www.acupunctureresearch.org/tara/ontology/TARA_1522109,TARA:1522109,BL 34,"B 34, Bladder 34, UB 34, Urinary Bladder 34, Xialiao"
http://www.acupunctureresearch.org/tara/ontology/TARA_8458036,TARA:8458036,BL 35,"B 35, Bladder 35, UB 35, Urinary Bladder 35, Huiyang"
http://www.acupunctureresearch.org/tara/ontology/TARA_9927213,TARA:9927213,BL 36,"B 36, Bladder 36, UB 36, Urinary Bladder 36, Chengfu"
http://www.acupunctureresearch.org/tara/ontology/TARA_2678584,TARA:2678584,BL 37,"B 37, Bladder 37, UB 37, Urinary Bladder 37, Yinmen"
http://www.acupunctureresearch.org/tara/ontology/TARA_3339722,TARA:3339722,BL 38,"B 38, Bladder 38, UB 38, Urinary Bladder 38, Fuxi"
http://www.acupunctureresearch.org/tara/ontology/TARA_2186848,TARA:2186848,BL 39,"B 39, Bladder 39, Lower He-Sea Point of Triple Energizer, UB 39, Urinary Bladder 39, Weiyang"
http://www.acupunctureresearch.org/tara/ontology/TARA_0598260,TARA:0598260,BL 4,"B 4, Bladder 4, UB 4, Urinary Bladder 4, Qucha"
http://www.acupunctureresearch.org/tara/ontology/TARA_5290080,TARA:5290080,BL 40,"B 40, Bladder 40, UB 40, Urinary Bladder 40, Weizhong"
http://www.acupunctureresearch.org/tara/ontology/TARA_7423288,TARA:7423288,BL 41,"B 41, Bladder 41, UB 41, Urinary Bladder 41, Fufen"
http://www.acupunctureresearch.org/tara/ontology/TARA_1068174,TARA:1068174,BL 42,"B 42, Bladder 42, UB 42, Urinary Bladder 42, Pohu"
http://www.acupunctureresearch.org/tara/ontology/TARA_5367032,TARA:5367032,BL 43,"B 43, Bladder 43, UB 43, Urinary Bladder 43, Gaohuang"
http://www.acupunctureresearch.org/tara/ontology/TARA_7646636,TARA:7646636,BL 44,"B 44, Bladder 44, UB 44, Urinary Bladder 44, Shentang"
http://www.acupunctureresearch.org/tara/ontology/TARA_8937265,TARA:8937265,BL 45,"B 45, Bladder 45, UB 45, Urinary Bladder 45, Yixi"
http://www.acupunctureresearch.org/tara/ontology/TARA_0607588,TARA:0607588,BL 46,"B 46, Bladder 46, UB 46, Urinary Bladder 46, Geguan"
http://www.acupunctureresearch.org/tara/ontology/TARA_1766712,TARA:1766712,BL 47,"B 47, Bladder 47, UB 47, Hunmen, Urinary Bladder 47"
http://www.acupunctureresearch.org/tara/ontology/TARA_6893448,TARA:6893448,BL 48,"B 48, Bladder 48, UB 48, Urinary Bladder 48, Yanggang"
http://www.acupunctureresearch.org/tara/ontology/TARA_6846652,TARA:6846652,BL 49,"B 49, Bladder 49, UB 49, Urinary Bladder 49, Yishe"
http://www.acupunctureresearch.org/tara/ontology/TARA_7280334,TARA:7280334,BL 5,"B 5, Bladder 5, UB 5, Urinary Bladder 5, Wuchu"
http://www.acupunctureresearch.org/tara/ontology/TARA_1208891,TARA:1208891,BL 50,"B 50, Bladder 50, UB 50, Urinary Bladder 50, Weicang"
http://www.acupunctureresearch.org/tara/ontology/TARA_4667633,TARA:4667633,BL 51,"B 51, Bladder 51, UB 51, Urinary Bladder 51, Huangmen"
http://www.acupunctureresearch.org/tara/ontology/TARA_7228895,TARA:7228895,BL 52,"B 52, Bladder 52, UB 52, Urinary Bladder 52, Zhishi"
http://www.acupunctureresearch.org/tara/ontology/TARA_8423766,TARA:8423766,BL 53,"B 53, Bladder 53, UB 53, Urinary Bladder 53, Baohuang"
http://www.acupunctureresearch.org/tara/ontology/TARA_0488267,TARA:0488267,BL 54,"B 54, Bladder 54, UB 54, Urinary Bladder 54, Zhibian"
http://www.acupunctureresearch.org/tara/ontology/TARA_4648540,TARA:4648540,BL 55,"B 55, Bladder 55, UB 55, Urinary Bladder 55, Heyang"
http://www.acupunctureresearch.org/tara/ontology/TARA_7641637,TARA:7641637,BL 56,"B 56, Bladder 56, UB 56, Urinary Bladder 56, Chengjin"
http://www.acupunctureresearch.org/tara/ontology/TARA_4589241,TARA:4589241,BL 57,"B 57, Bladder 57, UB 57, Urinary Bladder 57, Chengshan"
http://www.acupunctureresearch.org/tara/ontology/TARA_5362994,TARA:5362994,BL 58,"B 58, Bladder 58, UB 58, Urinary Bladder 58, Feiyang"
http://www.acupunctureresearch.org/tara/ontology/TARA_4995021,TARA:4995021,BL 59,"B 59, Bladder 59, UB 59, Urinary Bladder 59, Fuyang"
http://www.acupunctureresearch.org/tara/ontology/TARA_1565977,TARA:1565977,BL 6,"B 6, Chengguang, Bladder 6, UB 6, Urinary Bladder 6"
http://www.acupunctureresearch.org/tara/ontology/TARA_5047947,TARA:5047947,BL 60,"B 60, Bladder 60, UB 60, Urinary Bladder 60, Kunlun"
http://www.acupunctureresearch.org/tara/ontology/TARA_0093665,TARA:0093665,BL 61,"B 61, Bladder 61, UB 61, Urinary Bladder 61, Pucan, Pushen"
http://www.acupunctureresearch.org/tara/ontology/TARA_1628341,TARA:1628341,BL 62,"B 62, Bladder 62, UB 62, Urinary Bladder 62, Shenmai"
http://www.acupunctureresearch.org/tara/ontology/TARA_8435800,TARA:8435800,BL 63,"B 63, Bladder 63, UB 63, Urinary Bladder 63, Jinmen"
http://www.acupunctureresearch.org/tara/ontology/TARA_0471803,TARA:0471803,BL 64,"B 64, Bladder 64, UB 64, Urinary Bladder 64, Jinggu"
http://www.acupunctureresearch.org/tara/ontology/TARA_7430197,TARA:7430197,BL 65,"B 65, Bladder 65, UB 65, Urinary Bladder 65, Shugu"
http://www.acupunctureresearch.org/tara/ontology/TARA_7734076,TARA:7734076,BL 66,"B 66, Bladder 66, UB 66, Urinary Bladder 66, Zutonggu"
http://www.acupunctureresearch.org/tara/ontology/TARA_7218725,TARA:7218725,BL 67,"B 67, Bladder 67, UB 67, Urinary Bladder 67, Zhiyin"
http://www.acupunctureresearch.org/tara/ontology/TARA_9927492,TARA:9927492,BL 7,"B 7, Bladder 7, UB 7, Urinary Bladder 7, Tongtian"
http://www.acupunctureresearch.org/tara/ontology/TARA_8298978,TARA:8298978,BL 8,"B 8, Bladder 8, UB 8, Urinary Bladder 8, Luoque"
http://www.acupunctureresearch.org/tara/ontology/TARA_6794934,TARA:6794934,BL 9,"B 9, Bladder 9, UB 9, Urinary Bladder 9, Yuzhen"
http://www.acupunctureresearch.org/tara/ontology/TARA_6659923,TARA:6659923,Bafeng,"EX-LE 10, M-LE 8"
http://www.acupunctureresearch.org/tara/ontology/TARA_6941032,TARA:6941032,Baichongwo,M-LE 34
http://www.acupunctureresearch.org/tara/ontology/TARA_5153816,TARA:5153816,Bailao,"EX-HN 15, M-HN 30"
http://www.acupunctureresearch.org/tara/ontology/TARA_2491709,TARA:2491709,Baxie,"EX-UE 9, M-UE 22"
http://www.acupunctureresearch.org/tara/ontology/TARA_8343475,TARA:8343475,Bitong,M-HN 14
http://www.acupunctureresearch.org/tara/ontology/TARA_8574156,TARA:8574156,Bizhong,M-UE 30
http://www.acupunctureresearch.org/tara/ontology/TARA_8693603,TARA:8693603,CV 1,"Conception Vessel 1, RN 1, Ren 1, VC 1, Huiyin"
http://www.acupunctureresearch.org/tara/ontology/TARA_7927421,TARA:7927421,CV 1 (Female),Conception Vessel 1 (Female)
http://www.acupunctureresearch.org/tara/ontology/TARA_7793286,TARA:7793286,CV 1 (Male),Conception Vessel 1 (Male)
http://www.acupunctureresearch.org/tara/ontology/TARA_1822260,TARA:1822260,CV 10,"Conception Vessel 10, RN 10, Ren 10, VC 10, Xiawan"
http://www.acupunctureresearch.org/tara/ontology/TARA_4904054,TARA:4904054,CV 11,"Conception Vessel 11, RN 11, Ren 11, VC 11, Jianli"
http://www.acupunctureresearch.org/tara/ontology/TARA_0434959,TARA:0434959,CV 12,"Conception Vessel 12, Zhongwan, Front-Mu Point of the Stomach, RN 12, Ren 12, VC 12"
http://www.acupunctureresearch.org/tara/ontology/TARA_4525270,TARA:4525270,CV 13,"Conception Vessel 13, RN 13, Ren 13, VC 13, Shangwan"
http://www.acupunctureresearch.org/tara/ontology/TARA_4823591,TARA:4823591,CV 14,"Conception Vessel 14, Front-Mu Point of the Heart, RN 14, Ren 14, VC 14, Juque"
http://www.acupunctureresearch.org/tara/ontology/TARA_7624267,TARA:7624267,CV 15,"Conception Vessel 15, RN 15, Ren 15, VC 15, Jiuwei"
http://www.acupunctureresearch.org/tara/ontology/TARA_4631343,TARA:4631343,CV 16,"Conception Vessel 16, RN 16, Ren 16, VC 16, Zhongting"
http://www.acupunctureresearch.org/tara/ontology/TARA_3472408,TARA:3472408,CV 17,"Conception Vessel 17, Tanzhong, Front-Mu Point of the Pericardium, RN 17, Ren 17, VC 17"
http://www.acupunctureresearch.org/tara/ontology/TARA_7813782,TARA:7813782,CV 18,"Conception Vessel 18, RN 18, Ren 18, VC 18, Yutang"
http://www.acupunctureresearch.org/tara/ontology/TARA_5928999,TARA:5928999,CV 19,"Conception Vessel 19, RN 19, Ren 19, VC 19, Zigong"
http://www.acupunctureresearch.org/tara/ontology/TARA_6969962,TARA:6969962,CV 2,"Conception Vessel 2, RN 2, Ren 2, VC 2, Qugu"
http://www.acupunctureresearch.org/tara/ontology/TARA_0726105,TARA:0726105,CV 20,"Conception Vessel 20, Huagai, RN 20, Ren 20, VC 20"
http://www.acupunctureresearch.org/tara/ontology/TARA_1450183,TARA:1450183,CV 21,"Conception Vessel 21, RN 21, Ren 21, VC 21, Xuanji"
http://www.acupunctureresearch.org/tara/ontology/TARA_6472655,TARA:6472655,CV 22,"Conception Vessel 22, RN 22, Ren 22, VC 22, Tiantu"
http://www.acupunctureresearch.org/tara/ontology/TARA_5804897,TARA:5804897,CV 23,"Conception Vessel 23, RN 23, Ren 23, VC 23, Lianquan"
http://www.acupunctureresearch.org/tara/ontology/TARA_8876563,TARA:8876563,CV 24,"Conception Vessel 24, RN 24, Ren 24, VC 24, Chengjiang"
http://www.acupunctureresearch.org/tara/ontology/TARA_0022762,TARA:0022762,CV 3,"Conception Vessel 3, Front-Mu Point of the Bladder, RN 3, Ren 3, VC 3, Zhongji"
http://www.acupunctureresearch.org/tara/ontology/TARA_9921528,TARA:9921528,CV 4,"Conception Vessel 4, Front-Mu Point of the Small Intestine, RN 4, Ren 4, VC 4, Guanyuan"
http://www.acupunctureresearch.org/tara/ontology/TARA_1205186,TARA:1205186,CV 5,"Conception Vessel 5, Front-Mu Point of Triple Energizer, Shimen, RN 5, Ren 5, VC 5"
http://www.acupunctureresearch.org/tara/ontology/TARA_8833337,TARA:8833337,CV 6,"Conception Vessel 6, RN 6, Ren 6, VC 6, Qihai"
http://www.acupunctureresearch.org/tara/ontology/TARA_0411625,TARA:0411625,CV 7,"Conception Vessel 7, Yinjiao, RN 7, Ren 7, VC 7"
http://www.acupunctureresearch.org/tara/ontology/TARA_9392275,TARA:9392275,CV 8,"Conception Vessel 8, RN 8, Ren 8, VC 8, Shenque"
http://www.acupunctureresearch.org/tara/ontology/TARA_4534524,TARA:4534524,CV 9,"Conception Vessel 9, Shuifen, RN 9, Ren 9, VC 9"
http://www.acupunctureresearch.org/tara/ontology/TARA_3145377,TARA:3145377,Dannangxue,"EX-LE 6, M-LE 23"
http://www.acupunctureresearch.org/tara/ontology/TARA_8009041,TARA:8009041,Dingchuan,"EX-B 1, M-BW 1"
http://www.acupunctureresearch.org/tara/ontology/TARA_1317363,TARA:1317363,Erbai,"EX-UE 2, M-UE 29"
http://www.acupunctureresearch.org/tara/ontology/TARA_5660399,TARA:5660399,Erjian,"EX-HN 6, M-HN 10"
http://www.acupunctureresearch.org/tara/ontology/TARA_5541141,TARA:5541141,GB 1,"G 1, Gallbladder 1, Tongziliao"
http://www.acupunctureresearch.org/tara/ontology/TARA_2125533,TARA:2125533,GB 10,"G 10, Gallbladder 10, Fubai"
http://www.acupunctureresearch.org/tara/ontology/TARA_5102514,TARA:5102514,GB 11,"G 11, Gallbladder 11, Touqiaoyin"
http://www.acupunctureresearch.org/tara/ontology/TARA_1031890,TARA:1031890,GB 12,"G 12, Gallbladder 12, Wangu"
http://www.acupunctureresearch.org/tara/ontology/TARA_4994509,TARA:4994509,GB 13,"G 13, Gallbladder 13, Benshen"
http://www.acupunctureresearch.org/tara/ontology/TARA_9987270,TARA:9987270,GB 14,"G 14, Gallbladder 14, Yangbai"
http://www.acupunctureresearch.org/tara/ontology/TARA_6739423,TARA:6739423,GB 15,"G 15, Gallbladder 15, Toulinqi"
http://www.acupunctureresearch.org/tara/ontology/TARA_1336342,TARA:1336342,GB 16,"G 16, Gallbladder 16, Muchuang"
http://www.acupunctureresearch.org/tara/ontology/TARA_1285513,TARA:1285513,GB 17,"G 17, Gallbladder 17, Zhengying"
http://www.acupunctureresearch.org/tara/ontology/TARA_8907823,TARA:8907823,GB 18,"G 18, Gallbladder 18, Chengling"
http://www.acupunctureresearch.org/tara/ontology/TARA_3493245,TARA:3493245,GB 19,"G 19, Gallbladder 19, Naokong"
http://www.acupunctureresearch.org/tara/ontology/TARA_2849795,TARA:2849795,GB 2,"G 2, Gallbladder 2, Tinghui"
http://www.acupunctureresearch.org/tara/ontology/TARA_2324295,TARA:2324295,GB 20,"G 20, Gallbladder 20, Fengchi"
http://www.acupunctureresearch.org/tara/ontology/TARA_5389461,TARA:5389461,GB 21,"G 21, Gallbladder 21, Jianjing"
http://www.acupunctureresearch.org/tara/ontology/TARA_6091821,TARA:6091821,GB 22,"G 22, Gallbladder 22, Yuanye"
http://www.acupunctureresearch.org/tara/ontology/TARA_6515979,TARA:6515979,GB 23,"G 23, Gallbladder 23, Zhejin"
http://www.acupunctureresearch.org/tara/ontology/TARA_0214009,TARA:0214009,GB 24,"Front-Mu Point of the Gallbladder, G 24, Gallbladder 24, Riyue"
http://www.acupunctureresearch.org/tara/ontology/TARA_5698325,TARA:5698325,GB 24 (Female),Gallbladder 24 (Female)
http://www.acupunctureresearch.org/tara/ontology/TARA_6308255,TARA:6308255,GB 24 (Male),Gallbladder 24 (Male)
http://www.acupunctureresearch.org/tara/ontology/TARA_1882219,TARA:1882219,GB 25,"Front-Mu Point of the Kidney, G 25, Gallbladder 25, Jingmen"
http://www.acupunctureresearch.org/tara/ontology/TARA_8088170,TARA:8088170,GB 26,"G 26, Gallbladder 26, Daimai"
http://www.acupunctureresearch.org/tara/ontology/TARA_8757342,TARA:8757342,GB 27,"G 27, Gallbladder 27, Wushu"
http://www.acupunctureresearch.org/tara/ontology/TARA_4771986,TARA:4771986,GB 28,"G 28, Gallbladder 28, Weidao"
http://www.acupunctureresearch.org/tara/ontology/TARA_0427594,TARA:0427594,GB 29,"G 29, Gallbladder 29, Juliao"
http://www.acupunctureresearch.org/tara/ontology/TARA_9191188,TARA:9191188,GB 3,"G 3, Gallbladder 3, Shangguan"
http://www.acupunctureresearch.org/tara/ontology/TARA_9378285,TARA:9378285,GB 30,"G 30, Gallbladder 30, Huantiao"
http://www.acupunctureresearch.org/tara/ontology/TARA_5264783,TARA:5264783,GB 31,"G 31, Gallbladder 31, Fengshi"
http://www.acupunctureresearch.org/tara/ontology/TARA_5786369,TARA:5786369,GB 32,"G 32, Gallbladder 32, Zhongdu"
http://www.acupunctureresearch.org/tara/ontology/TARA_3201959,TARA:3201959,GB 33,"G 33, Gallbladder 33, Xiyangguan"
http://www.acupunctureresearch.org/tara/ontology/TARA_8758950,TARA:8758950,GB 34,"G 34, Gallbladder 34, Yanglingquan"
http://www.acupunctureresearch.org/tara/ontology/TARA_6714942,TARA:6714942,GB 35,"G 35, Gallbladder 35, Yangjiao"
http://www.acupunctureresearch.org/tara/ontology/TARA_1144697,TARA:1144697,GB 36,"G 36, Gallbladder 36, Waiqiu"
http://www.acupunctureresearch.org/tara/ontology/TARA_6320058,TARA:6320058,GB 37,"G 37, Gallbladder 37, Guangming"
http://www.acupunctureresearch.org/tara/ontology/TARA_9968219,TARA:9968219,GB 38,"G 38, Gallbladder 38, Yangfu"
http://www.acupunctureresearch.org/tara/ontology/TARA_3770332,TARA:3770332,GB 39,"G 39, Gallbladder 39, Xuanzhong"
http://www.acupunctureresearch.org/tara/ontology/TARA_4352504,TARA:4352504,GB 4,"G 4, Gallbladder 4, Hanyan"
http://www.acupunctureresearch.org/tara/ontology/TARA_9254368,TARA:9254368,GB 40,"G 40, Gallbladder 40, Qiuxu"
http://www.acupunctureresearch.org/tara/ontology/TARA_3668538,TARA:3668538,GB 41,"G 41, Gallbladder 41, Zulinqi"
http://www.acupunctureresearch.org/tara/ontology/TARA_0337120,TARA:0337120,GB 42,"G 42, Gallbladder 42, Diwuhui"
http://www.acupunctureresearch.org/tara/ontology/TARA_8885103,TARA:8885103,GB 43,"G 43, Gallbladder 43, Xiaxi"
http://www.acupunctureresearch.org/tara/ontology/TARA_6845331,TARA:6845331,GB 44,"G 44, Zuqiaoyin, Gallbladder 44"
http://www.acupunctureresearch.org/tara/ontology/TARA_3549064,TARA:3549064,GB 5,"G 5, Gallbladder 5, Xuanlu"
http://www.acupunctureresearch.org/tara/ontology/TARA_0316650,TARA:0316650,GB 6,"G 6, Gallbladder 6, Xuanli"
http://www.acupunctureresearch.org/tara/ontology/TARA_0478496,TARA:0478496,GB 7,"G 7, Gallbladder 7, Qubin"
http://www.acupunctureresearch.org/tara/ontology/TARA_5363236,TARA:5363236,GB 8,"G 8, Gallbladder 8, Shuaigu"
http://www.acupunctureresearch.org/tara/ontology/TARA_0307907,TARA:0307907,GB 9,"G 9, Gallbladder 9, Tianchong"
http://www.acupunctureresearch.org/tara/ontology/TARA_3865403,TARA:3865403,GV 1,"Du 1, Governor Vessel 1, VG 1, Changqiang"
http://www.acupunctureresearch.org/tara/ontology/TARA_3683574,TARA:3683574,GV 10,"Du 10, Governor Vessel 10, VG 10, Lingtai"
http://www.acupunctureresearch.org/tara/ontology/TARA_8300996,TARA:8300996,GV 11,"Du 11, Governor Vessel 11, VG 11, Shendao"
http://www.acupunctureresearch.org/tara/ontology/TARA_8607646,TARA:8607646,GV 12,"Du 12, Governor Vessel 12, VG 12, Shenzhu"
http://www.acupunctureresearch.org/tara/ontology/TARA_8998025,TARA:8998025,GV 13,"Du 13, Governor Vessel 13, VG 13, Taodao"
http://www.acupunctureresearch.org/tara/ontology/TARA_8452754,TARA:8452754,GV 14,"Du 14, Governor Vessel 14, VG 14, Dazhui"
http://www.acupunctureresearch.org/tara/ontology/TARA_4427404,TARA:4427404,GV 15,"Du 15, Governor Vessel 15, VG 15, Yamen"
http://www.acupunctureresearch.org/tara/ontology/TARA_3361967,TARA:3361967,GV 16,"Du 16, Governor Vessel 16, VG 16, Fengfu"
http://www.acupunctureresearch.org/tara/ontology/TARA_6135195,TARA:6135195,GV 17,"Du 17, Governor Vessel 17, VG 17, Naohu"
http://www.acupunctureresearch.org/tara/ontology/TARA_7589061,TARA:7589061,GV 18,"Du 18, Governor Vessel 18, VG 18, Qiangjian"
http://www.acupunctureresearch.org/tara/ontology/TARA_5455543,TARA:5455543,GV 19,"Du 19, Governor Vessel 19, VG 19, Houding"
http://www.acupunctureresearch.org/tara/ontology/TARA_2678362,TARA:2678362,GV 2,"Du 2, Governor Vessel 2, VG 2, Yaoshu"
http://www.acupunctureresearch.org/tara/ontology/TARA_3386254,TARA:3386254,GV 20,"Du 20, Governor Vessel 20, VG 20, Baihui"
http://www.acupunctureresearch.org/tara/ontology/TARA_4510130,TARA:4510130,GV 21,"Du 21, Governor Vessel 21, VG 21, Qianding"
http://www.acupunctureresearch.org/tara/ontology/TARA_2168429,TARA:2168429,GV 22,"Du 22, Governor Vessel 22, VG 22, Xinhui"
http://www.acupunctureresearch.org/tara/ontology/TARA_7690229,TARA:7690229,GV 23,"Du 23, Governor Vessel 23, VG 23, Shangxing"
http://www.acupunctureresearch.org/tara/ontology/TARA_7679931,TARA:7679931,GV 24,"Du 24, Governor Vessel 24, VG 24, Shenting"
http://www.acupunctureresearch.org/tara/ontology/TARA_6924908,TARA:6924908,GV 25,"Du 25, Governor Vessel 25, VG 25, Suliao"
http://www.acupunctureresearch.org/tara/ontology/TARA_0829128,TARA:0829128,GV 26,"Du 26, Governor Vessel 26, VG 26, Renzhong, Shuigou"
http://www.acupunctureresearch.org/tara/ontology/TARA_6574583,TARA:6574583,GV 27,"Du 27, Governor Vessel 27, VG 27, Duiduan"
http://www.acupunctureresearch.org/tara/ontology/TARA_8131302,TARA:8131302,GV 28,"Du 28, Governor Vessel 28, VG 28, Yinjiao"
http://www.acupunctureresearch.org/tara/ontology/TARA_8807122,TARA:8807122,GV 3,"Du 3, Governor Vessel 3, VG 3, Yaoyangguan"
http://www.acupunctureresearch.org/tara/ontology/TARA_8557069,TARA:8557069,GV 4,"Mingmen, Du 4, Governor Vessel 4, VG 4"
http://www.acupunctureresearch.org/tara/ontology/TARA_1697302,TARA:1697302,GV 5,"Du 5, Governor Vessel 5, VG 5, Xuanshu"
http://www.acupunctureresearch.org/tara/ontology/TARA_5902217,TARA:5902217,GV 6,"Du 6, Governor Vessel 6, VG 6, Jizhong"
http://www.acupunctureresearch.org/tara/ontology/TARA_9586774,TARA:9586774,GV 7,"Du 7, Governor Vessel 7, VG 7, Zhongshu"
http://www.acupunctureresearch.org/tara/ontology/TARA_8093645,TARA:8093645,GV 8,"Du 8, Governor Vessel 8, VG 8, Jinsuo"
http://www.acupunctureresearch.org/tara/ontology/TARA_8982235,TARA:8982235,GV 9,"Du 9, Governor Vessel 9, VG 9, Zhiyang"
http://www.acupunctureresearch.org/tara/ontology/TARA_0420802,TARA:0420802,HT 1,"H 1, HE 1, Heart 1, Jiquan"
http://www.acupunctureresearch.org/tara/ontology/TARA_9830532,TARA:9830532,HT 2,"H 2, HE 2, Heart 2, Qingling"
http://www.acupunctureresearch.org/tara/ontology/TARA_2385378,TARA:2385378,HT 3,"H 3, HE 3, Heart 3, Shaohai"
http://www.acupunctureresearch.org/tara/ontology/TARA_2718726,TARA:2718726,HT 4,"H 4, HE 4, Heart 4, Lingdao"
http://www.acupunctureresearch.org/tara/ontology/TARA_1282828,TARA:1282828,HT 5,"H 5, HE 5, Heart 5, Tongli"
http://www.acupunctureresearch.org/tara/ontology/TARA_6421594,TARA:6421594,HT 6,"H 6, HE 6, Heart 6, Yinxi"
http://www.acupunctureresearch.org/tara/ontology/TARA_2442762,TARA:2442762,HT 7,"H 7, HE 7, Heart 7, Shenmen"
http://www.acupunctureresearch.org/tara/ontology/TARA_6707910,TARA:6707910,HT 8,"H 8, HE 8, Heart 8, Shaofu"
http://www.acupunctureresearch.org/tara/ontology/TARA_8651539,TARA:8651539,HT 9,"H 9, HE 9, Shaochong, Heart 9"
http://www.acupunctureresearch.org/tara/ontology/TARA_3748376,TARA:3748376,Heding,"EX-LE 2, M-LE 27"
http://www.acupunctureresearch.org/tara/ontology/TARA_3735582,TARA:3735582,Huanzhong,M-BW 34
http://www.acupunctureresearch.org/tara/ontology/TARA_3734471,TARA:3734471,Huatuojiaji,"EX-B 2, Jiaji, M-BW 35"
http://www.acupunctureresearch.org/tara/ontology/TARA_1338884,TARA:1338884,Jiachengjiang,M-HN 18
http://www.acupunctureresearch.org/tara/ontology/TARA_9492402,TARA:9492402,Jianqian,"Jianneiling, M-UE 48"
http://www.acupunctureresearch.org/tara/ontology/TARA_3641900,TARA:3641900,Jinjing,"EX-HN 12, Jinjin, M-HN 20a"
http://www.acupunctureresearch.org/tara/ontology/TARA_4512048,TARA:4512048,KI 1,"K 1, KD 1, KID 1, Kidney 1, Yongquan"
http://www.acupunctureresearch.org/tara/ontology/TARA_8716769,TARA:8716769,KI 10,"K 10, KD 10, KID 10, Kidney 10, Yingu"
http://www.acupunctureresearch.org/tara/ontology/TARA_9609679,TARA:9609679,KI 11,"K 11, KD 11, KID 11, Kidney 11, Henggu"
http://www.acupunctureresearch.org/tara/ontology/TARA_9217640,TARA:9217640,KI 12,"K 12, KD 12, KID 12, Kidney 12, Dahe"
http://www.acupunctureresearch.org/tara/ontology/TARA_5358142,TARA:5358142,KI 13,"K 13, KD 13, KID 13, Kidney 13, Qixue"
http://www.acupunctureresearch.org/tara/ontology/TARA_7443484,TARA:7443484,KI 14,"K 14, KD 14, KID 14, Kidney 14, Siman"
http://www.acupunctureresearch.org/tara/ontology/TARA_7875820,TARA:7875820,KI 15,"K 15, KD 15, KID 15, Kidney 15, Zhongzhu"
http://www.acupunctureresearch.org/tara/ontology/TARA_4514038,TARA:4514038,KI 16,"K 16, KD 16, KID 16, Kidney 16, Huangshu"
http://www.acupunctureresearch.org/tara/ontology/TARA_5318555,TARA:5318555,KI 17,"K 17, KD 17, KID 17, Kidney 17, Shangqu"
http://www.acupunctureresearch.org/tara/ontology/TARA_1297236,TARA:1297236,KI 18,"K 18, KD 18, KID 18, Kidney 18, Shiguan"
http://www.acupunctureresearch.org/tara/ontology/TARA_5435505,TARA:5435505,KI 19,"K 19, KD 19, KID 19, Kidney 19, Yindu"
http://www.acupunctureresearch.org/tara/ontology/TARA_3114756,TARA:3114756,KI 2,"K 2, KD 2, KID 2, Kidney 2, Rangu"
http://www.acupunctureresearch.org/tara/ontology/TARA_5721784,TARA:5721784,KI 20,"K 20, KD 20, KID 20, Kidney 20, Futonggu"
http://www.acupunctureresearch.org/tara/ontology/TARA_3952187,TARA:3952187,KI 21,"K 21, KD 21, KID 21, Kidney 21, Youmen"
http://www.acupunctureresearch.org/tara/ontology/TARA_7391140,TARA:7391140,KI 22,"K 22, KD 22, KID 22, Kidney 22, Bulang"
http://www.acupunctureresearch.org/tara/ontology/TARA_4050310,TARA:4050310,KI 23,"K 23, KD 23, KID 23, Kidney 23, Shengfeng"
http://www.acupunctureresearch.org/tara/ontology/TARA_8665273,TARA:8665273,KI 24,"K 24, KD 24, KID 24, Kidney 24, Lingxu"
http://www.acupunctureresearch.org/tara/ontology/TARA_6599956,TARA:6599956,KI 25,"K 25, KD 25, KID 25, Kidney 25, Shencang"
http://www.acupunctureresearch.org/tara/ontology/TARA_2070107,TARA:2070107,KI 26,"K 26, KD 26, KID 26, Kidney 26, Yuzhong"
http://www.acupunctureresearch.org/tara/ontology/TARA_4459765,TARA:4459765,KI 27,"K 27, KD 27, KID 27, Kidney 27, Shufu"
http://www.acupunctureresearch.org/tara/ontology/TARA_4362146,TARA:4362146,KI 3,"K 3, KD 3, KID 3, Kidney 3, Taixi"
http://www.acupunctureresearch.org/tara/ontology/TARA_0341289,TARA:0341289,KI 4,"K 4, KD 4, KID 4, Kidney 4, Dazhong"
http://www.acupunctureresearch.org/tara/ontology/TARA_5122409,TARA:5122409,KI 5,"K 5, KD 5, KID 5, Kidney 5, Shuiquan"
http://www.acupunctureresearch.org/tara/ontology/TARA_2108622,TARA:2108622,KI 6,"K 6, KD 6, KID 6, Zhaohai, Kidney 6"
http://www.acupunctureresearch.org/tara/ontology/TARA_9881298,TARA:9881298,KI 7,"K 7, KD 7, KID 7, Kidney 7, Fuliu"
http://www.acupunctureresearch.org/tara/ontology/TARA_6046086,TARA:6046086,KI 8,"K 8, KD 8, KID 8, Kidney 8, Jiaoxin"
http://www.acupunctureresearch.org/tara/ontology/TARA_2687954,TARA:2687954,KI 9,"K 9, KD 9, KID 9, Kidney 9, Zhubin"
http://www.acupunctureresearch.org/tara/ontology/TARA_6314936,TARA:6314936,LI 1,"CO 1, Colon 1, Large Intestine 1, Shangyang"
http://www.acupunctureresearch.org/tara/ontology/TARA_0742938,TARA:0742938,LI 10,"CO 10, Colon 10, Large Intestine 10, Shousanli"
http://www.acupunctureresearch.org/tara/ontology/TARA_8923096,TARA:8923096,LI 11,"CO 11, Colon 11, Large Intestine 11, Quchi"
http://www.acupunctureresearch.org/tara/ontology/TARA_9554328,TARA:9554328,LI 12,"CO 12, Colon 12, Large Intestine 12, Zhouliao"
http://www.acupunctureresearch.org/tara/ontology/TARA_5609823,TARA:5609823,LI 13,"CO 13, Colon 13, Large Intestine 13, Shouwuli"
http://www.acupunctureresearch.org/tara/ontology/TARA_3744150,TARA:3744150,LI 14,"CO 14, Colon 14, Large Intestine 14, Binao"
http://www.acupunctureresearch.org/tara/ontology/TARA_7829474,TARA:7829474,LI 15,"CO 15, Colon 15, Large Intestine 15, Jianyu"
http://www.acupunctureresearch.org/tara/ontology/TARA_1252750,TARA:1252750,LI 16,"CO 16, Colon 16, Large Intestine 16, Jugu"
http://www.acupunctureresearch.org/tara/ontology/TARA_2260412,TARA:2260412,LI 17,"CO 17, Colon 17, Large Intestine 17, Tianding"
http://www.acupunctureresearch.org/tara/ontology/TARA_9159226,TARA:9159226,LI 18,"CO 18, Colon 18, Large Intestine 18, Futu"
http://www.acupunctureresearch.org/tara/ontology/TARA_8087484,TARA:8087484,LI 19,"CO 19, Colon 19, Large Intestine 19, Kouheliao"
http://www.acupunctureresearch.org/tara/ontology/TARA_8294181,TARA:8294181,LI 2,"CO 2, Colon 2, Large Intestine 2, Erjian"
http://www.acupunctureresearch.org/tara/ontology/TARA_6681003,TARA:6681003,LI 20,"CO 20, Colon 20, Large Intestine 20, Yingxiang"
http://www.acupunctureresearch.org/tara/ontology/TARA_7867167,TARA:7867167,LI 3,"CO 3, Colon 3, Large Intestine 3, Sanjian"
http://www.acupunctureresearch.org/tara/ontology/TARA_0859695,TARA:0859695,LI 4,"CO 4, Colon 4, Large Intestine 4, Hegu"
http://www.acupunctureresearch.org/tara/ontology/TARA_5677319,TARA:5677319,LI 5,"CO 5, Colon 5, Large Intestine 5, Yangxi"
http://www.acupunctureresearch.org/tara/ontology/TARA_9876402,TARA:9876402,LI 6,"CO 6, Colon 6, Large Intestine 6, Pianli"
http://www.acupunctureresearch.org/tara/ontology/TARA_8107205,TARA:8107205,LI 7,"CO 7, Colon 7, Large Intestine 7, Wenliu"
http://www.acupunctureresearch.org/tara/ontology/TARA_8455793,TARA:8455793,LI 8,"CO 8, Colon 8, Large Intestine 8, Xialian"
http://www.acupunctureresearch.org/tara/ontology/TARA_0670229,TARA:0670229,LI 9,"CO 9, Colon 9, Large Intestine 9, Shanglian"
http://www.acupunctureresearch.org/tara/ontology/TARA_2131658,TARA:2131658,LR 1,"LIV 1, LV 1, Liver 1, Dadun"
http://www.acupunctureresearch.org/tara/ontology/TARA_2016600,TARA:2016600,LR 10,"LIV 10, LV 10, Liver 10, Zuwuli"
http://www.acupunctureresearch.org/tara/ontology/TARA_1330972,TARA:1330972,LR 11,"LIV 11, LV 11, Liver 11, Yinlian"
http://www.acupunctureresearch.org/tara/ontology/TARA_3705619,TARA:3705619,LR 12,"LIV 12, LV 12, Liver 12, Jimai"
http://www.acupunctureresearch.org/tara/ontology/TARA_0794971,TARA:0794971,LR 13,"Front-Mu Point of the Spleen, Influential Point of Zang Organs, LIV 13, LV 13, Liver 13, Zhangmen"
http://www.acupunctureresearch.org/tara/ontology/TARA_7479763,TARA:7479763,LR 14,"Front-Mu Point of the Liver, LIV 14, LV 14, Liver 14, Qimen"
http://www.acupunctureresearch.org/tara/ontology/TARA_5047952,TARA:5047952,LR 14 (Female),Liver 14 (Female)
http://www.acupunctureresearch.org/tara/ontology/TARA_1317028,TARA:1317028,LR 14 (Male),Liver 14 (Male)
http://www.acupunctureresearch.org/tara/ontology/TARA_6862058,TARA:6862058,LR 2,"LIV 2, LV 2, Liver 2, Xingjian"
http://www.acupunctureresearch.org/tara/ontology/TARA_6499349,TARA:6499349,LR 3,"LIV 3, LV 3, Liver 3, Taichong"
http://www.acupunctureresearch.org/tara/ontology/TARA_4325595,TARA:4325595,LR 4,"LIV 4, LV 4, Liver 4, Zhongfeng"
http://www.acupunctureresearch.org/tara/ontology/TARA_0780558,TARA:0780558,LR 5,"LIV 5, LV 5, Liver 5, Ligou"
http://www.acupunctureresearch.org/tara/ontology/TARA_8267317,TARA:8267317,LR 6,"LIV 6, LV 6, Liver 6, Zhongdu"
http://www.acupunctureresearch.org/tara/ontology/TARA_3966458,TARA:3966458,LR 7,"LIV 7, LV 7, Liver 7, Xiguan"
http://www.acupunctureresearch.org/tara/ontology/TARA_1074531,TARA:1074531,LR 8,"LIV 8, LV 8, Liver 8, Ququan"
http://www.acupunctureresearch.org/tara/ontology/TARA_1137686,TARA:1137686,LR 9,"LIV 9, LV 9, Liver 9, Yinbao"
http://www.acupunctureresearch.org/tara/ontology/TARA_0913913,TARA:0913913,LU 1,"Front-Mu Point of the Lung, L 1, Lung 1, Zhongfu"
http://www.acupunctureresearch.org/tara/ontology/TARA_2459635,TARA:2459635,LU 10,"L 10, Yuji, Lung 10"
http://www.acupunctureresearch.org/tara/ontology/TARA_0831517,TARA:0831517,LU 11,"L 11, Lung 11, Shaoshang"
http://www.acupunctureresearch.org/tara/ontology/TARA_0540755,TARA:0540755,LU 2,"L 2, Lung 2, Yunmen"
http://www.acupunctureresearch.org/tara/ontology/TARA_3888808,TARA:3888808,LU 3,"L 3, Lung 3, Tianfu"
http://www.acupunctureresearch.org/tara/ontology/TARA_4192847,TARA:4192847,LU 4,"L 4, Lung 4, Xiabai"
http://www.acupunctureresearch.org/tara/ontology/TARA_1357729,TARA:1357729,LU 5,"L 5, Lung 5, Chize"
http://www.acupunctureresearch.org/tara/ontology/TARA_3496812,TARA:3496812,LU 6,"L 6, Lung 6, Kongzui"
http://www.acupunctureresearch.org/tara/ontology/TARA_3515622,TARA:3515622,LU 7,"L 7, Lung 7, Lieque"
http://www.acupunctureresearch.org/tara/ontology/TARA_6531052,TARA:6531052,LU 8,"L 8, Lung 8, Jingqu"
http://www.acupunctureresearch.org/tara/ontology/TARA_8122277,TARA:8122277,LU 9,"Influential Point of Vessels, L 9, Lung 9, Taiyuan"
http://www.acupunctureresearch.org/tara/ontology/TARA_7532145,TARA:7532145,Lanweixue,"EX-LE 7, M-LE 13"
http://www.acupunctureresearch.org/tara/ontology/TARA_5220479,TARA:5220479,Lateral Xiyan,"M-LE 26, Xiwai"
http://www.acupunctureresearch.org/tara/ontology/TARA_7233436,TARA:7233436,Luozhen,M-UE 24
http://www.acupunctureresearch.org/tara/ontology/TARA_8759132,TARA:8759132,Medial Xiyan,"EX-LE 4, Neixiyan"
http://www.acupunctureresearch.org/tara/ontology/TARA_5309570,TARA:5309570,PC 1,"P 1, Pericardium 1, Tianchi"
http://www.acupunctureresearch.org/tara/ontology/TARA_4819578,TARA:4819578,PC 2,"P 2, Pericardium 2, Tianquan"
http://www.acupunctureresearch.org/tara/ontology/TARA_7634323,TARA:7634323,PC 3,"P 3, Pericardium 3, Quze"
http://www.acupunctureresearch.org/tara/ontology/TARA_2645290,TARA:2645290,PC 4,"P 4, Pericardium 4, Ximen"
http://www.acupunctureresearch.org/tara/ontology/TARA_6477399,TARA:6477399,PC 5,"P 5, Pericardium 5, Jianshi"
http://www.acupunctureresearch.org/tara/ontology/TARA_4311153,TARA:4311153,PC 6,"P 6, Pericardium 6, Neiguan"
http://www.acupunctureresearch.org/tara/ontology/TARA_9020892,TARA:9020892,PC 7,"P 7, Pericardium 7, Daling"
http://www.acupunctureresearch.org/tara/ontology/TARA_5212832,TARA:5212832,PC 8,"P 8, Pericardium 8, Laogong"
http://www.acupunctureresearch.org/tara/ontology/TARA_5138859,TARA:5138859,PC 9,"P 9, Pericardium 9, Zhongchong"
http://www.acupunctureresearch.org/tara/ontology/TARA_0674193,TARA:0674193,Pigen,"EX-B 4, M-BW 16"
http://www.acupunctureresearch.org/tara/ontology/TARA_2581598,TARA:2581598,Qianzheng,N-HN 20
http://www.acupunctureresearch.org/tara/ontology/TARA_9268434,TARA:9268434,Qiuhou,"EX-HN 7, M-HN 8"
http://www.acupunctureresearch.org/tara/ontology/TARA_9168896,TARA:9168896,SI 1,"Small Intestine 1, Shaoze"
http://www.acupunctureresearch.org/tara/ontology/TARA_0683404,TARA:0683404,SI 10,"Small Intestine 10, Naoshu"
http://www.acupunctureresearch.org/tara/ontology/TARA_4122792,TARA:4122792,SI 11,"Small Intestine 11, Tianzong"
http://www.acupunctureresearch.org/tara/ontology/TARA_5888779,TARA:5888779,SI 12,"Small Intestine 12, Bingfeng"
http://www.acupunctureresearch.org/tara/ontology/TARA_9116386,TARA:9116386,SI 13,"Small Intestine 13, Quyuan"
http://www.acupunctureresearch.org/tara/ontology/TARA_3226024,TARA:3226024,SI 14,"Small Intestine 14, Jianwaishu"
http://www.acupunctureresearch.org/tara/ontology/TARA_2976260,TARA:2976260,SI 15,"Small Intestine 15, Jianzhongshu"
http://www.acupunctureresearch.org/tara/ontology/TARA_5246417,TARA:5246417,SI 16,"Small Intestine 16, Tianchuang"
http://www.acupunctureresearch.org/tara/ontology/TARA_3389422,TARA:3389422,SI 17,"Small Intestine 17, Tianrong"
http://www.acupunctureresearch.org/tara/ontology/TARA_0287877,TARA:0287877,SI 18,"Small Intestine 18, Quanliao"
http://www.acupunctureresearch.org/tara/ontology/TARA_1772472,TARA:1772472,SI 19,"Small Intestine 19, Tinggong"
http://www.acupunctureresearch.org/tara/ontology/TARA_2777371,TARA:2777371,SI 2,"Small Intestine 2, Qiangu"
http://www.acupunctureresearch.org/tara/ontology/TARA_0220496,TARA:0220496,SI 3,"Small Intestine 3, Houxi"
http://www.acupunctureresearch.org/tara/ontology/TARA_1172977,TARA:1172977,SI 4,"Small Intestine 4, Wangu"
http://www.acupunctureresearch.org/tara/ontology/TARA_0669306,TARA:0669306,SI 5,"Small Intestine 5, Yanggu"
http://www.acupunctureresearch.org/tara/ontology/TARA_4125415,TARA:4125415,SI 6,"Small Intestine 6, Yanglao"
http://www.acupunctureresearch.org/tara/ontology/TARA_1051162,TARA:1051162,SI 7,"Small Intestine 7, Zhizheng"
http://www.acupunctureresearch.org/tara/ontology/TARA_5859631,TARA:5859631,SI 8,"Small Intestine 8, Xiaohai"
http://www.acupunctureresearch.org/tara/ontology/TARA_2187225,TARA:2187225,SI 9,"Small Intestine 9, Jianzhen"
http://www.acupunctureresearch.org/tara/ontology/TARA_8929565,TARA:8929565,SP 1,"Spleen 1, Yinbai"
http://www.acupunctureresearch.org/tara/ontology/TARA_8433932,TARA:8433932,SP 10,"Spleen 10, Xuehai"
http://www.acupunctureresearch.org/tara/ontology/TARA_8120328,TARA:8120328,SP 11,"Spleen 11, Jimen"
http://www.acupunctureresearch.org/tara/ontology/TARA_4695378,TARA:4695378,SP 12,"Spleen 12, Chongmen"
http://www.acupunctureresearch.org/tara/ontology/TARA_7768130,TARA:7768130,SP 13,"Spleen 13, Fushe"
http://www.acupunctureresearch.org/tara/ontology/TARA_1992799,TARA:1992799,SP 14,"Spleen 14, Fujie"
http://www.acupunctureresearch.org/tara/ontology/TARA_4679170,TARA:4679170,SP 15,"Spleen 15, Daheng"
http://www.acupunctureresearch.org/tara/ontology/TARA_8145142,TARA:8145142,SP 16,"Spleen 16, Fuai"
http://www.acupunctureresearch.org/tara/ontology/TARA_1206796,TARA:1206796,SP 17,"Spleen 17, Shidou"
http://www.acupunctureresearch.org/tara/ontology/TARA_5656394,TARA:5656394,SP 18,"Spleen 18, Tianxi"
http://www.acupunctureresearch.org/tara/ontology/TARA_6850321,TARA:6850321,SP 19,"Spleen 19, Xiongxiang"
http://www.acupunctureresearch.org/tara/ontology/TARA_6894093,TARA:6894093,SP 2,"Spleen 2, Dadu"
http://www.acupunctureresearch.org/tara/ontology/TARA_5090379,TARA:5090379,SP 20,"Spleen 20, Zhourong"
http://www.acupunctureresearch.org/tara/ontology/TARA_1055536,TARA:1055536,SP 21,"Spleen 21, Dabao"
http://www.acupunctureresearch.org/tara/ontology/TARA_3003448,TARA:3003448,SP 3,"Spleen 3, Taibai"
http://www.acupunctureresearch.org/tara/ontology/TARA_7407065,TARA:7407065,SP 4,"Spleen 4, Gongsun"
http://www.acupunctureresearch.org/tara/ontology/TARA_7831710,TARA:7831710,SP 5,"Spleen 5, Shangqiu"
http://www.acupunctureresearch.org/tara/ontology/TARA_4385250,TARA:4385250,SP 6,"Spleen 6, Sanyinjiao"
http://www.acupunctureresearch.org/tara/ontology/TARA_8036487,TARA:8036487,SP 7,"Spleen 7, Lougu"
http://www.acupunctureresearch.org/tara/ontology/TARA_6848518,TARA:6848518,SP 8,"Spleen 8, Diji"
http://www.acupunctureresearch.org/tara/ontology/TARA_3553465,TARA:3553465,SP 9,"Spleen 9, Yinlingquan"
http://www.acupunctureresearch.org/tara/ontology/TARA_4157768,TARA:4157768,ST 1,"S 1, Stomach 1, Chengqi"
http://www.acupunctureresearch.org/tara/ontology/TARA_1661723,TARA:1661723,ST 10,"S 10, Stomach 10, Shuitu"
http://www.acupunctureresearch.org/tara/ontology/TARA_4369524,TARA:4369524,ST 11,"S 11, Stomach 11, Qishe"
http://www.acupunctureresearch.org/tara/ontology/TARA_2031703,TARA:2031703,ST 12,"S 12, Stomach 12, Quepen"
http://www.acupunctureresearch.org/tara/ontology/TARA_1904200,TARA:1904200,ST 13,"S 13, Stomach 13, Qihu"
http://www.acupunctureresearch.org/tara/ontology/TARA_8915695,TARA:8915695,ST 14,"S 14, Stomach 14, Kufang"
http://www.acupunctureresearch.org/tara/ontology/TARA_4714850,TARA:4714850,ST 15,"Stomach 1, S 15, Wuyi"
http://www.acupunctureresearch.org/tara/ontology/TARA_4611734,TARA:4611734,ST 16,"S 16, Stomach 16, Yingchuang"
http://www.acupunctureresearch.org/tara/ontology/TARA_9460971,TARA:9460971,ST 17,"S 17, Stomach 17, Ruzhong"
http://www.acupunctureresearch.org/tara/ontology/TARA_8225693,TARA:8225693,ST 17 (Female),Stomach 17 (Female)
http://www.acupunctureresearch.org/tara/ontology/TARA_5795994,TARA:5795994,ST 17 (Male),Stomach 17 (Male)
http://www.acupunctureresearch.org/tara/ontology/TARA_6412285,TARA:6412285,ST 18,"S 18, Stomach 18, Rugen"
http://www.acupunctureresearch.org/tara/ontology/TARA_7823403,TARA:7823403,ST 18 (Female),Stomach 18 (Female)
http://www.acupunctureresearch.org/tara/ontology/TARA_4684195,TARA:4684195,ST 18 (Male),Stomach 18 (Male)
http://www.acupunctureresearch.org/tara/ontology/TARA_7653020,TARA:7653020,ST 19,"S 19, Stomach 19, Burong"
http://www.acupunctureresearch.org/tara/ontology/TARA_6392753,TARA:6392753,ST 2,"S 2, Stomach 2, Sibai"
http://www.acupunctureresearch.org/tara/ontology/TARA_2542400,TARA:2542400,ST 20,"S 20, Stomach 20, Chengman"
http://www.acupunctureresearch.org/tara/ontology/TARA_1654197,TARA:1654197,ST 21,"S 21, Stomach 21, Liangmen"
http://www.acupunctureresearch.org/tara/ontology/TARA_9161776,TARA:9161776,ST 22,"S 22, Stomach 22, Guanmen"
http://www.acupunctureresearch.org/tara/ontology/TARA_2922507,TARA:2922507,ST 23,"S 23, Stomach 23, Taiyi"
http://www.acupunctureresearch.org/tara/ontology/TARA_1211048,TARA:1211048,ST 24,"S 24, Stomach 24, Huaroumen"
http://www.acupunctureresearch.org/tara/ontology/TARA_5717468,TARA:5717468,ST 25,"Front-Mu Point of the Large Intestine, S 25, Stomach 25, Tianshu"
http://www.acupunctureresearch.org/tara/ontology/TARA_8646804,TARA:8646804,ST 26,"S 26, Stomach 26, Wailing"
http://www.acupunctureresearch.org/tara/ontology/TARA_1452771,TARA:1452771,ST 27,"S 27, Stomach 27, Daju"
http://www.acupunctureresearch.org/tara/ontology/TARA_5017471,TARA:5017471,ST 28,"S 28, Stomach 28, Shuidao"
http://www.acupunctureresearch.org/tara/ontology/TARA_5873796,TARA:5873796,ST 29,"S 29, Stomach 29, Guilai"
http://www.acupunctureresearch.org/tara/ontology/TARA_5884251,TARA:5884251,ST 3,"S 3, Juliao, Stomach 3"
http://www.acupunctureresearch.org/tara/ontology/TARA_9591551,TARA:9591551,ST 30,"S 30, Stomach 30, Qichong"
http://www.acupunctureresearch.org/tara/ontology/TARA_9294655,TARA:9294655,ST 31,"S 31, Stomach 31, Biguan"
http://www.acupunctureresearch.org/tara/ontology/TARA_8826565,TARA:8826565,ST 32,"S 32, Stomach 32, Futu"
http://www.acupunctureresearch.org/tara/ontology/TARA_7756426,TARA:7756426,ST 33,"S 33, Stomach 33, Yinshi"
http://www.acupunctureresearch.org/tara/ontology/TARA_8773594,TARA:8773594,ST 34,"S 34, Stomach 34, Liangqiu"
http://www.acupunctureresearch.org/tara/ontology/TARA_2454652,TARA:2454652,ST 35,"S 35, Stomach 35, Dubi"
http://www.acupunctureresearch.org/tara/ontology/TARA_6463344,TARA:6463344,ST 36,"S 36, Stomach 36, Zusanli"
http://www.acupunctureresearch.org/tara/ontology/TARA_5918799,TARA:5918799,ST 37,"S 37, Stomach 37, The Lower He-Sea Point of the Large Intestine, Shangjuxu"
http://www.acupunctureresearch.org/tara/ontology/TARA_3182190,TARA:3182190,ST 38,"S 38, Stomach 38, Tiaokou"
http://www.acupunctureresearch.org/tara/ontology/TARA_6728804,TARA:6728804,ST 39,"S 39, Stomach 39, The Lower He-Sea Point of the Small Intestine, Xiajuxu"
http://www.acupunctureresearch.org/tara/ontology/TARA_1429314,TARA:1429314,ST 4,"S 4, Dicang, Stomach 4"
http://www.acupunctureresearch.org/tara/ontology/TARA_9531666,TARA:9531666,ST 40,"S 40, Stomach 40, Fenglong"
http://www.acupunctureresearch.org/tara/ontology/TARA_6019290,TARA:6019290,ST 41,"S 41, Stomach 41, Jiexi"
http://www.acupunctureresearch.org/tara/ontology/TARA_7178938,TARA:7178938,ST 42,"S 42, Stomach 42, Chongyang"
http://www.acupunctureresearch.org/tara/ontology/TARA_7661549,TARA:7661549,ST 43,"S 43, Stomach 43, Xiangu"
http://www.acupunctureresearch.org/tara/ontology/TARA_8440155,TARA:8440155,ST 44,"S 44, Stomach 44, Neiting"
http://www.acupunctureresearch.org/tara/ontology/TARA_2260472,TARA:2260472,ST 45,"S 45, Stomach 45, Lidui"
http://www.acupunctureresearch.org/tara/ontology/TARA_0095074,TARA:0095074,ST 5,"S 5, Stomach 5, Daying"
http://www.acupunctureresearch.org/tara/ontology/TARA_7834226,TARA:7834226,ST 6,"S 6, Stomach 6, Jiache"
http://www.acupunctureresearch.org/tara/ontology/TARA_2990862,TARA:2990862,ST 7,"S 7, Stomach 7, Xiaguan"
http://www.acupunctureresearch.org/tara/ontology/TARA_9946635,TARA:9946635,ST 8,"S 8, Stomach 8, Touwei"
http://www.acupunctureresearch.org/tara/ontology/TARA_6890771,TARA:6890771,ST 9,"S 9, Stomach 9, Renying"
http://www.acupunctureresearch.org/tara/ontology/TARA_2358051,TARA:2358051,Shanglianquan,M-HN 21
http://www.acupunctureresearch.org/tara/ontology/TARA_9907701,TARA:9907701,Shiqizhui,"EX-B 8, M-BW 25, Shiqizhuixia"
http://www.acupunctureresearch.org/tara/ontology/TARA_2063814,TARA:2063814,Shixuan,"EX-UE 11, M-UE 49, Shiwang"
http://www.acupunctureresearch.org/tara/ontology/TARA_5850983,TARA:5850983,Sifeng,"EX-UE 10, M-UE 9"
http://www.acupunctureresearch.org/tara/ontology/TARA_9610280,TARA:9610280,Sishencong,"EX-HN 1, M-HN 1"
http://www.acupunctureresearch.org/tara/ontology/TARA_3369897,TARA:3369897,TE 1,"SJ 1, San Jiao 1, TB 1, TH 1, TW 1, Triple Burner 1, Triple Energizer 1, Triple Heater 1, Triple Warmer 1, Guanchong"
http://www.acupunctureresearch.org/tara/ontology/TARA_7517723,TARA:7517723,TE 10,"SJ 10, San Jiao 10, TB 10, TH 10, TW 10, Triple Burner 10, Triple Energizer 10, Triple Heater 10, Triple Warmer 10, Tianjing"
http://www.acupunctureresearch.org/tara/ontology/TARA_6299396,TARA:6299396,TE 11,"SJ 11, San Jiao 11, TB 11, TH 11, TW 11, Triple Burner 11, Triple Energizer 11, Triple Heater 11, Triple Warmer 11, Qinglengyuan"
http://www.acupunctureresearch.org/tara/ontology/TARA_8257616,TARA:8257616,TE 12,"SJ 12, San Jiao 12, TB 12, TH 12, TW 12, Triple Burner 12, Triple Energizer 12, Triple Heater 12, Triple Warmer 12, Xiaoluo"
http://www.acupunctureresearch.org/tara/ontology/TARA_3682571,TARA:3682571,TE 13,"SJ 13, San Jiao 13, TB 13, TH 13, TW 13, Triple Burner 13, Triple Energizer 13, Triple Heater 13, Triple Warmer 13, Naohui"
http://www.acupunctureresearch.org/tara/ontology/TARA_5894876,TARA:5894876,TE 14,"SJ 14, San Jiao 14, TB 14, TH 14, TW 14, Triple Burner 14, Triple Energizer 14, Triple Heater 14, Triple Warmer 14, Jianliao"
http://www.acupunctureresearch.org/tara/ontology/TARA_5828993,TARA:5828993,TE 15,"SJ 15, San Jiao 15, TB 15, TH 15, TW 15, Triple Burner 15, Triple Energizer 15, Triple Heater 15, Triple Warmer 15, Tianliao"
http://www.acupunctureresearch.org/tara/ontology/TARA_9834019,TARA:9834019,TE 16,"SJ 16, San Jiao 16, TB 16, TH 16, TW 16, Triple Burner 16, Triple Energizer 16, Triple Heater 16, Triple Warmer 16, Tianyou"
http://www.acupunctureresearch.org/tara/ontology/TARA_6615149,TARA:6615149,TE 17,"SJ 17, San Jiao 17, TB 17, TH 17, TW 17, Triple Burner 17, Triple Energizer 17, Triple Heater 17, Triple Warmer 17, Yifeng"
http://www.acupunctureresearch.org/tara/ontology/TARA_0228386,TARA:0228386,TE 18,"SJ 18, San Jiao 18, TB 18, TH 18, TW 18, Triple Burner 18, Triple Energizer 18, Triple Heater 18, Chimai, Qimai, Triple Warmer 18"
http://www.acupunctureresearch.org/tara/ontology/TARA_8876235,TARA:8876235,TE 19,"SJ 19, San Jiao 19, TB 19, TH 19, TW 19, Triple Burner 19, Triple Energizer 19, Triple Heater 19, Triple Warmer 19, Luxi"
http://www.acupunctureresearch.org/tara/ontology/TARA_7896553,TARA:7896553,TE 2,"SJ 2, San Jiao 2, TB 2, TH 2, TW 2, Triple Burner 2, Triple Energizer 2, Triple Heater 2, Triple Warmer 2, Yemen"
http://www.acupunctureresearch.org/tara/ontology/TARA_8854888,TARA:8854888,TE 20,"SJ 20, San Jiao 20, TB 20, TH 20, TW 20, Triple Burner 20, Triple Energizer 20, Triple Heater 20, Triple Warmer 20, Jiaosun"
http://www.acupunctureresearch.org/tara/ontology/TARA_3361879,TARA:3361879,TE 21,"SJ 21, San Jiao 21, TB 21, TH 21, TW 21, Triple Burner 21, Triple Energizer 21, Triple Heater 21, Triple Warmer 21, Ermen"
http://www.acupunctureresearch.org/tara/ontology/TARA_1763744,TARA:1763744,TE 22,"SJ 22, San Jiao 22, TB 22, TH 22, TW 22, Triple Burner 22, Triple Energizer 22, Triple Heater 22, Triple Warmer 22, Erheliao"
http://www.acupunctureresearch.org/tara/ontology/TARA_6752232,TARA:6752232,TE 23,"SJ 23, San Jiao 23, TB 23, TH 23, TW 23, Triple Burner 23, Triple Energizer 23, Triple Heater 23, Triple Warmer 23, Sizhukong"
http://www.acupunctureresearch.org/tara/ontology/TARA_5356503,TARA:5356503,TE 3,"SJ 3, San Jiao 3, TB 3, TH 3, TW 3, Triple Burner 3, Triple Energizer 3, Triple Heater 3, Triple Warmer 3, Zhongzhu"
http://www.acupunctureresearch.org/tara/ontology/TARA_1594912,TARA:1594912,TE 4,"SJ 4, San Jiao 4, TB 4, TH 4, TW 4, Triple Burner 4, Triple Energizer 4, Triple Heater 4, Triple Warmer 4, Yangchi"
http://www.acupunctureresearch.org/tara/ontology/TARA_8393005,TARA:8393005,TE 5,"SJ 5, San Jiao 5, TB 5, TH 5, TW 5, Triple Burner 5, Triple Energizer 5, Triple Heater 5, Triple Warmer 5, Waiguan"
http://www.acupunctureresearch.org/tara/ontology/TARA_7510801,TARA:7510801,TE 6,"SJ 6, San Jiao 6, TB 6, TH 6, TW 6, Triple Burner 6, Triple Energizer 6, Triple Heater 6, Triple Warmer 6, Zhigou"
http://www.acupunctureresearch.org/tara/ontology/TARA_3810639,TARA:3810639,TE 7,"SJ 7, San Jiao 7, TB 7, TH 7, TW 7, Triple Burner 7, Triple Energizer 7, Triple Heater 7, Triple Warmer 7, Huizong"
http://www.acupunctureresearch.org/tara/ontology/TARA_1698911,TARA:1698911,TE 8,"SJ 8, San Jiao 8, TB 8, TH 8, TW 8, Triple Burner 8, Triple Energizer 8, Triple Heater 8, Triple Warmer 8, Sanyangluo"
http://www.acupunctureresearch.org/tara/ontology/TARA_5590422,TARA:5590422,TE 9,"SJ 9, San Jiao 9, TB 9, TH 9, TW 9, Triple Burner 9, Triple Energizer 9, Triple Heater 9, Triple Warmer 9, Sidu"
http://www.acupunctureresearch.org/tara/ontology/TARA_9534465,TARA:9534465,Taiyang,"EX-HN 5, M-HN 9"
http://www.acupunctureresearch.org/tara/ontology/TARA_4242691,TARA:4242691,Weiwanxiashu,"EX-B 3, M-BW 12, Yishu"
http://www.acupunctureresearch.org/tara/ontology/TARA_0926802,TARA:0926802,Xiyan,"EX-LE 5, M-LE 16"
http://www.acupunctureresearch.org/tara/ontology/TARA_4613316,TARA:4613316,Yaoqi,"EX-B 9, M-BW 29"
http://www.acupunctureresearch.org/tara/ontology/TARA_7584875,TARA:7584875,Yaotongxue,EX-UE 7
http://www.acupunctureresearch.org/tara/ontology/TARA_2630570,TARA:2630570,Yaoyan,"EX-B 7, M-BW 24"
http://www.acupunctureresearch.org/tara/ontology/TARA_7596288,TARA:7596288,Yiming,"EX-HN 14, M-HN 13"
http://www.acupunctureresearch.org/tara/ontology/TARA_3135569,TARA:3135569,Yintang,"EX-HN 3, M-HN 3"
http://www.acupunctureresearch.org/tara/ontology/TARA_6946713,TARA:6946713,Yuyao,"EX-HN 4, M-HN 6"
http://www.acupunctureresearch.org/tara/ontology/TARA_7471145,TARA:7471145,Yuye,"EX-HN 13, M-HN 20b"
http://www.acupunctureresearch.org/tara/ontology/TARA_6269212,TARA:6269212,Zhongkui,"EX-UE 4, M-UE 16"
http://www.acupunctureresearch.org/tara/ontology/TARA_1216325,TARA:1216325,Zhongquan,"EX-UE 3, M-UE 33"
http://www.acupunctureresearch.org/tara/ontology/TARA_8819424,TARA:8819424,Zhoujian,"EX-UE 1, M-UE 46"
http://www.acupunctureresearch.org/tara/ontology/TARA_4254258,TARA:4254258,Zigongxue,"EX-CA 1, M-CA 18, Zigong"
