Tab,Section,Column,Tag
Bibliographic-Metadata,,Article_ID_Curie,
Bibliographic-Metadata,,Article_Title,
Bibliographic-Metadata,,Article_Type,
Bibliographic-Metadata,,Publication_Venue,
Bibliographic-Metadata,,Listed_Authors,
Bibliographic-Metadata,,Publication_Date,
Bibliographic-Metadata,,Publication_Year,
Bibliographic-Metadata,,DOI_Link,
Bibliographic-Metadata,,Pub_Med_Link,
Bibliographic-Metadata,,Other_Link,lookupOnly
Acupuncture-Study-Metadata,Study_Identity_Metadata,Article_ID_Curie,
Acupuncture-Study-Metadata,Study_Identity_Metadata,Article_Type,
Acupuncture-Study-Metadata,Study_Identity_Metadata,Article_Title,
Acupuncture-Study-Metadata,Study_Location,Study_Location,
Acupuncture-Study-Metadata,Study_Location,Country_Of_Study,primaryOnly
Acupuncture-Study-Metadata,Studied_Condition,Studied_Condition_Western,
Acupuncture-Study-Metadata,Studied_Condition,Mapped_Condition_Western,mapping
Acupuncture-Study-Metadata,Studied_Condition,Studied_Condition_TCM,
Acupuncture-Study-Metadata,Studied_Condition,Mapped_Condition_TCM,mapping
Acupuncture-Study-Metadata,Acupuncture_Protocol_Details,Acupoints_Selection_Grouping,primaryOnly
Acupuncture-Study-Metadata,Acupuncture_Protocol_Details,Acupuncture_Needling_Details,primaryOnly
Acupuncture-Study-Metadata,Acupuncture_Protocol_Details,Acupuncture_Stimulation_Type,primaryOnly
Acupuncture-Study-Metadata,Acupuncture_Protocol_Details,Sham_Protocol_Details,primaryOnly
Acupuncture-Study-Metadata,Acupuncture_Protocol_Details,Sham_Acupuncture_Used,primaryOnly
Acupuncture-Study-Metadata,Listed_Acupoints,Listed_Acupoints,primaryOnly
Acupuncture-Study-Metadata,Listed_Acupoints,Listed_Acupoints_Mapped,mapping
Acupuncture-Study-Metadata,Listed_Acupoints,Listed_Acupoints_Mapped_Curie,mapping
Acupuncture-Study-Metadata,Listed_Acupoints,Listed_Acupoints_Unmappable,mapping
Acupuncture-Study-Metadata,Study_Design_Metadata,Study_Design_Category,
Acupuncture-Study-Metadata,Study_Design_Metadata,Sample_Size_Details,primaryOnly
Acupuncture-Study-Metadata,Study_Design_Metadata,Control_Groups_Details,primaryOnly
Acupuncture-Study-Metadata,Study_Design_Metadata,Primary_Outcome_Measure,primaryOnly
Acupuncture-Study-Metadata,Study_Design_Metadata,Secondary_Outcome_Measure,primaryOnly
Acupuncture-Study-Metadata,Study_Design_Metadata,Treatment_Duration_Frequency_Details,primaryOnly
Acupuncture-Study-Metadata,Study_Findings,Study_Results,
Acupuncture-Study-Metadata,Study_Findings,Study_Conclusions,
Acupuncture-Study-Metadata,Study_Findings,Study_Effectiveness,
Acupuncture-Study-Metadata,Study_Findings,Comparative_Findings,
Acupuncture-Study-Metadata,Study_Findings,Proposed_Mechanism,
Acupuncture-Study-Metadata,Dataset,Dataset_Link,
OCSI-Assessment-Score,Study_Identity_Metadata,Article_ID_Curie,
OCSI-Assessment-Score,Study_Identity_Metadata,Article_Type,
OCSI-Assessment-Score,Study_Identity_Metadata,Article_Title,
OCSI-Assessment-Score,Category A: Study Rationale & Scope Metrics,1_Randomization_Statement,
OCSI-Assessment-Score,Category A: Study Rationale & Scope Metrics,2_Background_Rationale,
OCSI-Assessment-Score,Category A: Study Rationale & Scope Metrics,3_Participants_Eligibility_Study_Settings,
OCSI-Assessment-Score,Category A: Study Rationale & Scope Metrics,10_Objectives_Hypotheses,
OCSI-Assessment-Score,Category B: Acupuncture Intervention Metrics,4_Acupuncture_Style_Acupoints_Selection,
OCSI-Assessment-Score,Category B: Acupuncture Intervention Metrics,5_Acupuncture_Needling_Parameters,
OCSI-Assessment-Score,Category B: Acupuncture Intervention Metrics,6_Treatments_Duration_Frequency,
OCSI-Assessment-Score,Category B: Acupuncture Intervention Metrics,7_Group_Cointerventions,
OCSI-Assessment-Score,Category B: Acupuncture Intervention Metrics,8_Practitioner_Training_Expertise,
OCSI-Assessment-Score,Category B: Acupuncture Intervention Metrics,9_Control_Groups_Intervention,
OCSI-Assessment-Score,Category C: Study Design & Analysis Metrics,11_Outcomes_Measure_Definitions,
OCSI-Assessment-Score,Category C: Study Design & Analysis Metrics,12_Sample_Size_Determination,
OCSI-Assessment-Score,Category C: Study Design & Analysis Metrics,13_Random_Allocation_Sequencing,
OCSI-Assessment-Score,Category C: Study Design & Analysis Metrics,14_Random_Allocation_Concealment,
OCSI-Assessment-Score,Category C: Study Design & Analysis Metrics,15_Random_Allocation_Personnel,
OCSI-Assessment-Score,Category C: Study Design & Analysis Metrics,16_Blinding_Statements,
OCSI-Assessment-Score,Category C: Study Design & Analysis Metrics,17_Statistical_Methods_For_Outcomes,
OCSI-Assessment-Score,Category D: Study Results & Outcomes Metrics,18_Participants_Flow_Protocol_Deviation,
OCSI-Assessment-Score,Category D: Study Results & Outcomes Metrics,19_Participants_Recruitment_Followup,
OCSI-Assessment-Score,Category D: Study Results & Outcomes Metrics,20_Group_Demographics_Characteristics,
OCSI-Assessment-Score,Category D: Study Results & Outcomes Metrics,21_Participants_Intention_To_Treat_Analysis,
OCSI-Assessment-Score,Category D: Study Results & Outcomes Metrics,22_Study_Outcomes_Effect_Size,
OCSI-Assessment-Score,Category D: Study Results & Outcomes Metrics,23_Subgroup_Adjusted_Analyses,
OCSI-Assessment-Score,Category D: Study Results & Outcomes Metrics,24_Adverse_Events_Side_Effects,
OCSI-Assessment-Score,Category E: Results Discussion Metrics,25_Trial_Strengths_Limitations,
OCSI-Assessment-Score,Category E: Results Discussion Metrics,26_Trial_Findings_Generalizability,
OCSI-Assessment-Score,Category E: Results Discussion Metrics,27_Interpretation_Of_Results,
OCSI-Assessment-Score,Overall,OCSI_Total_Percentage,
OCSI-Score-Rationale,Study_Identity_Metadata,Article_ID_Curie,
OCSI-Score-Rationale,Study_Identity_Metadata,Article_Type,
OCSI-Score-Rationale,Study_Identity_Metadata,Article_Title,
OCSI-Score-Rationale,Category A: Study Rationale & Scope Metrics,1_Randomization_Statement,
OCSI-Score-Rationale,Category A: Study Rationale & Scope Metrics,2_Background_Rationale,
OCSI-Score-Rationale,Category A: Study Rationale & Scope Metrics,3_Participants_Eligibility_Study_Settings,
OCSI-Score-Rationale,Category A: Study Rationale & Scope Metrics,10_Objectives_Hypotheses,
OCSI-Score-Rationale,Category B: Acupuncture Intervention Metrics,4_Acupuncture_Style_Acupoints_Selection,
OCSI-Score-Rationale,Category B: Acupuncture Intervention Metrics,5_Acupuncture_Needling_Parameters,
OCSI-Score-Rationale,Category B: Acupuncture Intervention Metrics,6_Treatments_Duration_Frequency,
OCSI-Score-Rationale,Category B: Acupuncture Intervention Metrics,7_Group_Cointerventions,
OCSI-Score-Rationale,Category B: Acupuncture Intervention Metrics,8_Practitioner_Training_Expertise,
OCSI-Score-Rationale,Category B: Acupuncture Intervention Metrics,9_Control_Groups_Intervention,
OCSI-Score-Rationale,Category C: Study Design & Analysis Metrics,11_Outcomes_Measure_Definitions,
OCSI-Score-Rationale,Category C: Study Design & Analysis Metrics,12_Sample_Size_Determination,
OCSI-Score-Rationale,Category C: Study Design & Analysis Metrics,13_Random_Allocation_Sequencing,
OCSI-Score-Rationale,Category C: Study Design & Analysis Metrics,14_Random_Allocation_Concealment,
OCSI-Score-Rationale,Category C: Study Design & Analysis Metrics,15_Random_Allocation_Personnel,
OCSI-Score-Rationale,Category C: Study Design & Analysis Metrics,16_Blinding_Statements,
OCSI-Score-Rationale,Category C: Study Design & Analysis Metrics,17_Statistical_Methods_For_Outcomes,
OCSI-Score-Rationale,Category D: Study Results & Outcomes Metrics,18_Participants_Flow_Protocol_Deviation,
OCSI-Score-Rationale,Category D: Study Results & Outcomes Metrics,19_Participants_Recruitment_Followup,
OCSI-Score-Rationale,Category D: Study Results & Outcomes Metrics,20_Group_Demographics_Characteristics,
OCSI-Score-Rationale,Category D: Study Results & Outcomes Metrics,21_Participants_Intention_To_Treat_Analysis,
OCSI-Score-Rationale,Category D: Study Results & Outcomes Metrics,22_Study_Outcomes_Effect_Size,
OCSI-Score-Rationale,Category D: Study Results & Outcomes Metrics,23_Subgroup_Adjusted_Analyses,
OCSI-Score-Rationale,Category D: Study Results & Outcomes Metrics,24_Adverse_Events_Side_Effects,
OCSI-Score-Rationale,Category E: Results Discussion Metrics,25_Trial_Strengths_Limitations,
OCSI-Score-Rationale,Category E: Results Discussion Metrics,26_Trial_Findings_Generalizability,
OCSI-Score-Rationale,Category E: Results Discussion Metrics,27_Interpretation_Of_Results,
OCSI-Score-Rationale,Overall,OCSI_Total_Percentage,
OCSI-Score-Summary,Study_Identity_Metadata,Article_ID_Curie,
OCSI-Score-Summary,Study_Identity_Metadata,Article_Type,
OCSI-Score-Summary,Study_Identity_Metadata,Article_Title,
OCSI-Score-Summary,Category A: Study Rationale & Scope Metrics,1_Randomization_Statement,
OCSI-Score-Summary,Category A: Study Rationale & Scope Metrics,2_Background_Rationale,
OCSI-Score-Summary,Category A: Study Rationale & Scope Metrics,3_Participants_Eligibility_Study_Settings,
OCSI-Score-Summary,Category A: Study Rationale & Scope Metrics,10_Objectives_Hypotheses,
OCSI-Score-Summary,Category B: Acupuncture Intervention Metrics,4_Acupuncture_Style_Acupoints_Selection,
OCSI-Score-Summary,Category B: Acupuncture Intervention Metrics,5_Acupuncture_Needling_Parameters,
OCSI-Score-Summary,Category B: Acupuncture Intervention Metrics,6_Treatments_Duration_Frequency,
OCSI-Score-Summary,Category B: Acupuncture Intervention Metrics,7_Group_Cointerventions,
OCSI-Score-Summary,Category B: Acupuncture Intervention Metrics,8_Practitioner_Training_Expertise,
OCSI-Score-Summary,Category B: Acupuncture Intervention Metrics,9_Control_Groups_Intervention,
OCSI-Score-Summary,Category C: Study Design & Analysis Metrics,11_Outcomes_Measure_Definitions,
OCSI-Score-Summary,Category C: Study Design & Analysis Metrics,12_Sample_Size_Determination,
OCSI-Score-Summary,Category C: Study Design & Analysis Metrics,13_Random_Allocation_Sequencing,
OCSI-Score-Summary,Category C: Study Design & Analysis Metrics,14_Random_Allocation_Concealment,
OCSI-Score-Summary,Category C: Study Design & Analysis Metrics,15_Random_Allocation_Personnel,
OCSI-Score-Summary,Category C: Study Design & Analysis Metrics,16_Blinding_Statements,
OCSI-Score-Summary,Category C: Study Design & Analysis Metrics,17_Statistical_Methods_For_Outcomes,
OCSI-Score-Summary,Category D: Study Results & Outcomes Metrics,18_Participants_Flow_Protocol_Deviation,
OCSI-Score-Summary,Category D: Study Results & Outcomes Metrics,19_Participants_Recruitment_Followup,
OCSI-Score-Summary,Category D: Study Results & Outcomes Metrics,20_Group_Demographics_Characteristics,
OCSI-Score-Summary,Category D: Study Results & Outcomes Metrics,21_Participants_Intention_To_Treat_Analysis,
OCSI-Score-Summary,Category D: Study Results & Outcomes Metrics,22_Study_Outcomes_Effect_Size,
OCSI-Score-Summary,Category D: Study Results & Outcomes Metrics,23_Subgroup_Adjusted_Analyses,
OCSI-Score-Summary,Category D: Study Results & Outcomes Metrics,24_Adverse_Events_Side_Effects,
OCSI-Score-Summary,Category E: Results Discussion Metrics,25_Trial_Strengths_Limitations,
OCSI-Score-Summary,Category E: Results Discussion Metrics,26_Trial_Findings_Generalizability,
OCSI-Score-Summary,Category E: Results Discussion Metrics,27_Interpretation_Of_Results,
OCSI-Score-Summary,Overall,OCSI_Total_Percentage,
OCSI-Categorical-Summary,,Article_ID_Curie,
OCSI-Categorical-Summary,,Article_Type,
OCSI-Categorical-Summary,,Article_Title,
OCSI-Categorical-Summary,,Category A: Study Rationale & Scope Metrics,
OCSI-Categorical-Summary,,Category B: Acupuncture Intervention Metrics,
OCSI-Categorical-Summary,,Category C: Study Design & Analysis Metrics,
OCSI-Categorical-Summary,,Category D: Study Results & Outcomes Metrics,
OCSI-Categorical-Summary,,Category E: Results Discussion Metrics,
OCSI-Categorical-Summary,,Overall,
